Workbook

Sheet PARAMETRES
A1: HÉROS | B1: RÔLE
A2: Son Goku Super Sayen | B2: Attaquant
A3: Piccolo | B3: Attaquant
A4: Dabra | B4: Attaquant
A5: Kale | B5: Attaquant
A6: Son Goku Mini | B6: Attaquant
A7: Bojack | B7: Attaquant
A8: Gamma 1 et 2 | B8: Attaquant
A9: C-18 | B9: Attaquant
A10: Son Goku Sayen 3 | B10: Attaquant
A11: Broly | B11: Attaquant
A12: Super Uub | B12: Attaquant
... A35: Bardock | B35: Défenseur

Sheet DATA
A1: Date | B1: Heure | C1: Résultat | D1: Xhelo | E1: J9 | F1: X_K | G1: X_D | H1: X_A | I1: J_K | J1: J_D | K1: J_A | L1: DUO
A2: 46036 | B2: 0.90555556 | C2: VICTOIRE | D2: Broly | E2: Cooler | F2: 5 | G2: 2 | H2: 8 | I2: 3 | J2: 1 | K2: 10 | L2: Broly + Cooler
A3: 46036 | B3: 0.89861111 | C3: VICTOIRE | D3: Broly | E3: Cooler | F3: 7 | G3: 0 | H3: 7 | I3: 5 | J3: 0 | K3: 5 | L3: Broly + Cooler
A4: 46036 | B4: 0.89027778 | C4: DÉFAITE | D4: Broly | E4: Trunks Jeune | F4: 0 | G4: 0 | H4: 0 | I4: 0 | J4: 0 | K4: 0 | L4: Broly + Trunks Jeune
A5: 46036 | B5: 0.88055556 | C5: DÉFAITE | D5: Buu | E5: Trunks Jeune | F5: 0 | G5: 0 | H5: 0 | I5: 0 | J5: 0 | K5: 0 | L5: Buu + Trunks Jeune
A6: 46036 | B6: 0.87083333 | C6: DÉFAITE | D6: Broly | E6: Gotenks | F6: 0 | G6: 0 | H6: 0 | I6: 0 | J6: 0 | K6: 0 | L6: Broly + Gotenks
A7: 46036 | B7: 0.86111111 | C7: DÉFAITE | D7: C-18 | E7: Gotenks | F7: 4 | G7: 8 | H7: 3 | I7: 1 | J7: 3 | K7: 3 | L7: C-18 + Gotenks
A8: 46036 | B8: 0.74444444 | C8: DÉFAITE | D8: Buu | E8: Trunks Jeune | F8: 0 | G8: 0 | H8: 0 | I8: 0 | J8: 0 | K8: 0 | L8: Buu + Trunks Jeune
A9: 46036 | B9: 0.74305556 | C9: VICTOIRE | D9: Vegeta 4 | E9: Trunks Jeune | F9: 7 | G9: 0 | H9: 5 | I9: 6 | J9: 1 | K9: 5 | L9: Vegeta 4 + Trunks Jeune
A10: 46036 | B10: 0.73194444 | C10: VICTOIRE | D10: Broly | E10: Cooler | F10: 9 | G10: 5 | H10: 0 | I10: 1 | J10: 6 | K10: 4 | L10: Broly + Cooler
A11: 46036 | B11: 0.72291667 | C11: VICTOIRE | D11: Broly | E11: Gotenks | F11: 5 | G11: 7 | H11: 8 | I11: 5 | J11: 4 | K11: 7 | L11: Broly + Gotenks
A12: 46036 | B12: 0.70416667 | C12: VICTOIRE | D12: Buu | E12: Trunks Jeune | F12: 0 | G12: 0 | H12: 0 | I12: 0 | J12: 0 | K12: 0 | L12: Buu + Trunks Jeune
A13: 46036 | B13: 0.69861111 | C13: VICTOIRE | D13: Broly | E13: Gotenks | F13: 0 | G13: 0 | H13: 0 | I13: 0 | J13: 0 | K13: 0 | L13: Broly + Gotenks
... A32: 46037 | B32: 0.86180556 | C32: VICTOIRE | D32: Cell | E32: Trunks Jeune | F32: 0 | G32: 1 | H32: 7 | I32: 7 | J32: 0 | K32: 1 | L32: Cell + Trunks Jeune
A33: 46037 | B33: 0.87986111 | C33: DÉFAITE | D33: Broly | E33: Cooler | F33: 7 | G33: 1 | H33: 4 | I33: 6 | K33: 4 | L33: Broly + Cooler
A34: 46037 | B34: 0.89513889 | C34: DÉFAITE | D34: Broly | E34: Gotenks | F34: 0 | G34: 0 | H34: 0 | I34: 0 | J34: 0 | K34: 0 | L34: Broly + Gotenks
A35: 46037 | B35: 0.90694444 | C35: VICTOIRE | D35: Cell | E35: Trunks Jeune | F35: 4 | G35: 2 | H35: 1 | I35: 4 | J35: 3 | K35: 1 | L35: Cell + Trunks Jeune
A36: 46037 | B36: 0.91805556 | C36: DÉFAITE | D36: Cell | E36: Trunks Jeune | F36: 1 | G36: 3 | H36: 0 | I36: 2 | J36: 2 | K36: 1 | L36: Cell + Trunks Jeune
A37: 46037 | B37: 0.92777778 | C37: DÉFAITE | D37: Broly | E37: Trunks Jeune | F37: 2 | G37: 5 | H37: 3 | I37: 3 | J37: 3 | K37: 2 | L37: Broly + Trunks Jeune
A38: 46038 | B38: 0.75694444 | C38: VICTOIRE | D38: Buu | E38: Cooler | F38: 3 | G38: 0 | H38: 10 | I38: 1 | J38: 0 | K38: 8 | L38: Buu + Cooler
A39: 46038 | B39: 0.76666667 | C39: VICTOIRE | D39: Son Goku Super Sayen | E39: Cooler | F39: 11 | G39: 4 | H39: 3 | I39: 0 | J39: 5 | K39: 13 | L39: Son Goku Super Sayen + Cooler
A40: 46039 | B40: 0.46875 | C40: VICTOIRE | D40: Cell | E40: Trunks Jeune | F40: 4 | G40: 0 | H40: 0 | I40: 2 | J40: 1 | K40: 0 | L40: Cell + Trunks Jeune
A41: 46039 | B41: 0.70694444 | C41: DÉFAITE | D41: cell | E41: Trunks Jeune | F41: 4 | G41: 2 | H41: 2 | I41: 1 | J41: 3 | K41: 4 | L41: Cell + Trunks Jeune
A42: 46039 | B42: 0.72916667 | C42: DÉFAITE | D42: Broly | E42: Gotenks | F42: 7 | G42: 3 | H42: 1 | I42: 3 | J42: 1 | K42: 7 | L42: Gotenks + Broly
A43: 46040 | B43: 0.32291667 | C43: VICTOIRE | D43: Broly | E43: Cooler | F43: 10 | G43: 6 | H43: 6 | I43: 2 | J43: 5 | K43: 7 | L43: Broly + Cooler
A44: 46040 | B44: 0.33402778 | C44: VICTOIRE | D44: Broly | E44: Ultimate Gohan | F44: 9 | G44: 3 | H44: 2 | I44: 4 | J44: 5 | K44: 5 | L44: Broly + Ultimate Gohan
A45: 46040 | B45: 0.34513889 | C45: VICTOIRE | D45: Cooler | E45: Trunks Jeune | F45: 1 | G45: 3 | H45: 3 | I45: 3 | J45: 1 | K45: 1 | L45: Cooler + Trunks Jeune
... A100: 46056 | B100: 0.90972222 | C100: DEFAITE | D100: Broly | E100: Trunks Jeune | F100: 1 | G100: 5 | H100: 1 | I100: 3 | J100: 4 | K100: 0 | L100: Broly + Trunks jeune
A101: 46057 | B101: 0.56944444 | C101: VICTOIRE | D101: Bardock | E101: Vegito | F101: 3 | G101: 0 | H101: 10 | I101: 13 | J101: 0 | K101: 3 | L101: Bardock + Vegito | N101: 100 ème match! | O101: et une win !
A102: 46057 | B102: 0.59444444 | C102: VICTOIRE | D102: Bardock | E102: Vegito | F102: 2 | G102: 1 | H102: 10 | I102: 7 | J102: 1 | K102: 4 | L102: Bardock + Vegito
A103: 46057 | B103: 0.59722222 | C103: VICTOIRE | D103: Bardock | E103: Vegito | F103: 0 | G103: 0 | H103: 7 | I103: 5 | J103: 2 | K103: 6 | L103: Bardock + Vegito
A104: 46057 | B104: 0.60555556 | C104: VICTOIRE | D104: Bardock | E104: Vegito | F104: 1 | G104: 2 | H104: 7 | I104: 13 | J104: 1 | K104: 3 | L104: Bardock + Vegito
A105: 46057 | B105: 0.61319444 | C105: VICTOIRE | D105: Bardock | E105: Vegito | F105: 3 | G105: 0 | H105: 6 | I105: 7 | J105: 0 | K105: 3 | L105: Bardock + Vegito
A106: 46057 | B106: 0.62083333 | C106: VICTOIRE | D106: Bardock | E106: Vegito | F106: 2 | G106: 3 | H106: 5 | I106: 8 | J106: 2 | K106: 6 | L106: Bardock + Vegito
A107: 46057 | B107: 0.62777778 | C107: VICTOIRE | D107: Bardock | E107: Vegito | F107: 5 | G107: 0 | H107: 10 | I107: 7 | J107: 1 | K107: 9 | L107: Bardock + Vegito
A108: 46057 | B108: 0.63958333 | C108: VICTOIRE | D108: Bardock | E108: Vegito | F108: 3 | G108: 1 | H108: 10 | I108: 12 | J108: 3 | K108: 2 | L108: Bardock + Vegito
A109: 46057 | B109: 0.64722222 | C109: VICTOIRE | D109: Bardock | E109: Vegito | F109: 2 | G109: 0 | H109: 7 | I109: 4 | J109: 0 | K109: 4 | L109: Bardock + Vegito
A110: 46057 | B110: 0.65694444 | C110: DEFAITE | D110: Bardock | E110: Vegito | F110: 0 | G110: 3 | H110: 8 | I110: 8 | J110: 1 | K110: 3 | L110: Bardock + Vegito
A111: 46057 | B111: 0.66597222 | C111: VICTOIRE | D111: Bardock | E111: Vegito | F111: 3 | G111: 0 | H111: 4 | I111: 5 | J111: 3 | K111: 7 | L111: Bardock + Vegito
A112: 46057 | B112: 0.67708333 | C112: VICTOIRE | D112: Bardock | E112: Vegito | F112: 3 | G112: 1 | H112: 4 | I112: 4 | J112: 0 | K112: 7 | L112: Bardock + Vegito
A113: 46057 | B113: 0.68402778 | C113: VICTOIRE | D113: Broly | E113: Hit | F113: 3 | G113: 5 | H113: 6 | I113: 3 | J113: 1 | K113: 5 | L113: Broly + Hit
... A170: 46072 | B170: 0.65763889 | C170: DEFAITE | D170: C17 | E170: Vegeta 4 | F170: 1 | G170: 6 | H170: 4 | I170: 1 | J170: 3 | K170: 4 | L170: C17 + Vegeta 4

Sheet CALCULS
A1: KPI | B1: VAL
B2: =COUNTA(TableData[Date]) -> 169
B3: =COUNTIF(TableData[Résultat],"VICTOIRE") -> 104
B4: =IF(B2>0, B3/B2, 0) -> 0.61538462
A9: HERO_REF | B9: WINS | C9: PLAYED | D9: RATE | E9: SCORE | F9: ROLE | G9: RANK | H9: SSCORE | I9: SNAME | J9: DNAME | K9: SRATE | L9: DEFEATS | R9: DUO_REF | S9: WINS | T9: PLAYED | U9: RATE | V9: SCORE | W9: DEFEATS | AF9: XW | AG9: XP | AH9: XR | AI9: XL | AJ9: XS | AK9: XK | AL9: XD | AM9: XA | AN9: XKDAR | AO9: XKDAS | AQ9: JW | AR9: JP | AS9: JR | AT9: JL | AU9: JS | AV9: JK | AW9: JD | AX9: JA | AY9: JKDAR | AZ9: JKDAS | BA9: ROLE | BB9: XRW | BC9: XRP | BD9: XR_RATE | BE9: XR_LOSS | BF9: JRW | BG9: JRP | BH9: JR_RATE | BI9: JR_LOSS | BJ9: XKA | BK9: XDA | BL9: XAA | BM9: JKA | BN9: JDA | BO9: JAA
A10: =IF(PARAMETRES!A2="", 0, PARAMETRES!A2) -> Son Goku Super Sayen | B10: =IF(A10=0, 0, COUNTIFS(TableData[Résultat], "VICTOIRE", TableData[Xhelo], A10) + COUNTIFS(TableData[Résultat], "VICTOIRE", TableData[J9], A10)) -> 6 | C10: =IF(A10=0, 0, COUNTIF(TableData[Xhelo], A10) + COUNTIF(TableData[J9], A10)) -> 7 | D10: =IF(C10>0, B10/C10, 0) -> 0.85714286 | E10: =IF(C10>0, INT(D10*10000000) + (B10*1000) + (100-ROW()), -1) -> 8577518 | F10: =IF(A10=0, 0, PARAMETRES!B2) -> Attaquant | G10: 1 | H10: =LARGE(E$10:E$60, G10) -> 8577518 | I10: =IF(H10>-1, INDEX(A$10:A$60, MATCH(H10, E$10:E$60, 0)), "") -> Son Goku Super Sayen | J10: =IF(I10<>"", I10 & " (" & SUMIF(A$10:A$60, I10, B$10:B$60) & "V - " & SUMIF(A$10:A$60, I10, L$10:L$60) & "D)", "") -> Son Goku Super Sayen (6V - 1D) | K10: =IF(I10<>"", SUMIF(A$10:A$60, I10, D$10:D$60), 0) -> 0.85714286 | L10: =C10-B10 -> 1 | N10: =IF(DATA!L2="", "", DATA!L2) -> Broly + Cooler | O10: =IF(N10="", "", IF(COUNTIF(N$10:N10, N10)=1, ROW(), "")) -> 10 | P10: =IFERROR(SMALL(O$10:O$500, 1), "") -> 10 | R10: =IF(P10="", 0, INDEX(N$10:N$500, P10-9)) -> Broly + Cooler | S10: =IF(R10=0, 0, COUNTIFS(TableData[Résultat], "VICTOIRE", TableData[DUO], R10)) -> 7 | T10: =IF(R10=0, 0, COUNTIF(TableData[DUO], R10)) -> 11 | U10: =IF(T10>0, S10/T10, 0) -> 0.63636364 | V10: =IF(T10>0, INT(U10*10000000) + (S10*1000) + (10000-ROW()), -1) -> 6380626 | Y10: =T10-S10 -> 4 | Z10: 1 | AA10: =LARGE(V$10:V$60, Z10) -> 10014982 | AB10: =IF(AA10>-1, INDEX(R$10:R$60, MATCH(AA10, V$10:V$60, 0)), "") -> Son Goku Super Sayen + Cooler | AC10: =IF(AB10<>"", AB10 & " (" & SUMIF(R$10:R$60, AB10, S$10:S$60) & "V - " & SUMIF(R$10:R$60, AB10, Y$10:Y$60) & "D)", "") -> Son Goku Super Sayen + Cooler (5V - 0D) | AD10: =IF(AB10<>"", SUMIF(R$10:R$60, AB10, U$10:U$60), 0) -> 1 | AF10: =IF(A10=0, 0, COUNTIFS(TableData[Résultat], "VICTOIRE", TableData[Xhelo], A10)) -> 6 | AG10: =IF(A10=0, 0, COUNTIF(TableData[Xhelo], A10)) -> 7 | AH10: =IF(AG10>0, AF10/AG10, 0) -> 0.85714286 | AI10: =AG10-AF10 -> 1 | AJ10: =IF(AG10>0, INT(AH10*10000000) + (AF10*1000) + (100-ROW()), -1) -> 8577518 | AK10: =SUMIF(TableData[Xhelo], A10, TableData[X_K]) -> 45 | AL10: =SUMIF(TableData[Xhelo], A10, TableData[X_D]) -> 27 | AM10: =SUMIF(TableData[Xhelo], A10, TableData[X_A]) -> 31 | AN10: =IF(AG10>0, (AK10+AM10)/MAX(1, AL10), 0) -> 2.8148148 | AO10: =IF(AG10>0, AN10*10000 + (100-ROW()), -1) -> 28238.148 | AQ10: =IF(A10=0, 0, COUNTIFS(TableData[Résultat], "VICTOIRE", TableData[J9], A10)) -> 0 | AR10: =IF(A10=0, 0, COUNTIF(TableData[J9], A10)) -> 0 | AS10: =IF(AR10>0, AQ10/AR10, 0) -> 0 | AT10: =AR10-AQ10 -> 0 | AU10: =IF(AR10>0, INT(AS10*10000000) + (AQ10*1000) + (100-ROW()), -1) -> -1 | AV10: =SUMIF(TableData[J9], A10, TableData[J_K]) -> 0 | AW10: =SUMIF(TableData[J9], A10, TableData[J_D]) -> 0 | AX10: =SUMIF(TableData[J9], A10, TableData[J_A]) -> 0 | AY10: =IF(AR10>0, (AV10+AX10)/MAX(1, AW10), 0) -> 0 | AZ10: =IF(AR10>0, AY10*10000 + (100-ROW()), -1) -> -1 | BA10: Attaquant | BB10: =SUMIF(PARAMETRES!B$2:B$60, BA10, AF$10:AF$60) -> 61 | BC10: =SUMIF(PARAMETRES!B$2:B$60, BA10, AG$10:AG$60) -> 103 | BD10: =IF(BC10>0, BB10/BC10, 0) -> 0.59223301 | BE10: =IF(BC10>0, 1-BD10, 0) -> 0.40776699 | BF10: =SUMIF(PARAMETRES!B$2:B$60, BA10, AQ$10:AQ$60) -> 45 | BG10: =SUMIF(PARAMETRES!B$2:B$60, BA10, AR$10:AR$60) -> 69 | BH10: =IF(BG10>0, BF10/BG10, 0) -> 0.65217391 | BI10: =IF(BG10>0, 1-BH10, 0) -> 0.34782609 | BJ10: =SUMIF(PARAMETRES!B$2:B$60, BA10, AK$10:AK$60)/MAX(1,BC10) -> 4.5048544 | BK10: =SUMIF(PARAMETRES!B$2:B$60, BA10, AL$10:AL$60)/MAX(1,BC10) -> 3.3592233 | BL10: =SUMIF(PARAMETRES!B$2:B$60, BA10, AM$10:AM$60)/MAX(1,BC10) -> 4.0873786 | BM10: =SUMIF(PARAMETRES!B$2:B$60, BA10, AV$10:AV$60)/MAX(1,BG10) -> 5.4637681 | BN10: =SUMIF(PARAMETRES!B$2:B$60, BA10, AW$10:AW$60)/MAX(1,BG10) -> 1.8695652 | BO10: =SUMIF(PARAMETRES!B$2:B$60, BA10, AX$10:AX$60)/MAX(1,BG10) -> 2.7536232 | CA10: 1 | CB10: =LARGE(AJ$10:AJ$60, CA10) -> 10004072 | CC10: =IF(CB10>-1, INDEX(A$10:A$60, MATCH(CB10, AJ$10:AJ$60, 0)), "") -> Cooler | CD10: =IF(CC10<>"", CC10 & " (" & SUMIF(A$10:A$60, CC10, AF$10:AF$60) & "V - " & SUMIF(A$10:A$60, CC10, AI$10:AI$60) & "D)", "") -> Cooler (4V - 0D) | CE10: =IF(CC10<>"", SUMIF(A$10:A$60, CC10, AH$10:AH$60), 0) -> 1 | CG10: 1 | CH10: =LARGE(AU$10:AU$60, CG10) -> 8024077 | CI10: =IF(CH10>-1, INDEX(A$10:A$60, MATCH(CH10, AU$10:AU$60, 0)), "") -> Vegito | CJ10: =IF(CI10<>"", CI10 & " (" & SUMIF(A$10:A$60, CI10, AQ$10:AQ$60) & "V - " & SUMIF(A$10:A$60, CI10, AT$10:AT$60) & "D)", "") -> Vegito (24V - 6D) | CK10: =IF(CI10<>"", SUMIF(A$10:A$60, CI10, AS$10:AS$60), 0) -> 0.8 | DM10: 1 | DN10: =LARGE(AO$10:AO$60, DM10) -> 52710.061 | DO10: =IF(DN10>-1, INDEX(A$10:A$60, MATCH(DN10, AO$10:AO$60, 0)), "") -> Bardock | DP10: =IF(DO10<>"", DO10 & " (" & TEXT(VLOOKUP(DO10, A$10:AO$60, 40, FALSE), "0.0") & ")", "") -> Bardock (0.5) | DQ10: =IF(DO10<>"", VLOOKUP(DO10, A$10:AO$60, 40, FALSE), 0) -> 5.2653061 | DS10: 1 | DT10: =LARGE(AZ$10:AZ$60, DS10) -> 60058 | DU10: =IF(DT10>-1, INDEX(A$10:A$60, MATCH(DT10, AZ$10:AZ$60, 0)), "") -> Kefla | DV10: =IF(DU10<>"", DU10 & " (" & TEXT(VLOOKUP(DU10, A$10:AZ$60, 51, FALSE), "0.0") & ")", "") -> Kefla (0.6) | DW10: =IF(DU10<>"", VLOOKUP(DU10, A$10:AZ$60, 51, FALSE), 0) -> 6
A11: =IF(PARAMETRES!A3="", 0, PARAMETRES!A3) -> Piccolo | B11: =IF(A11=0, 0, COUNTIFS(TableData[Résultat], "VICTOIRE", TableData[Xhelo], A11) + COUNTIFS(TableData[Résultat], "VICTOIRE", TableData[J9], A11)) -> 0 | C11: =IF(A11=0, 0, COUNTIF(TableData[Xhelo], A11) + COUNTIF(TableData[J9], A11)) -> 1 | D11: =IF(C11>0, B11/C11, 0) -> 0 | E11: =IF(C11>0, INT(D11*10000000) + (B11*1000) + (100-ROW()), -1) -> 89 | F11: =IF(A11=0, 0, PARAMETRES!B3) -> Attaquant | G11: 2 | H11: =LARGE(E$10:E$60, G11) -> 8024077 | I11: =IF(H11>-1, INDEX(A$10:A$60, MATCH(H11, E$10:E$60, 0)), "") -> Vegito | J11: =IF(I11<>"", I11 & " (" & SUMIF(A$10:A$60, I11, B$10:B$60) & "V - " & SUMIF(A$10:A$60, I11, L$10:L$60) & "D)", "") -> Vegito (24V - 0,225806451612903D) | K11: =IF(I11<>"", SUMIF(A$10:A$60, I11, D$10:D$60), 0) -> 0.8 | L11: =C11-B11 -> 1 | N11: =IF(DATA!L3="", "", DATA!L3) -> Broly + Cooler | O11: =IF(N11="", "", IF(COUNTIF(N$10:N11, N11)=1, ROW(), "")) | P11: =IFERROR(SMALL(O$10:O$500, 2), "") -> 12 | R11: =IF(P11="", 0, INDEX(N$10:N$500, P11-9)) -> Broly + Trunks Jeune | S11: =IF(R11=0, 0, COUNTIFS(TableData[Résultat], "VICTOIRE", TableData[DUO], R11)) -> 4 | T11: =IF(R11=0, 0, COUNTIF(TableData[DUO], R11)) -> 10 | U11: =IF(T11>0, S11/T11, 0) -> 0.4 | V11: =IF(T11>0, INT(U11*10000000) + (S11*1000) + (10000-ROW()), -1) -> 4013989 | Y11: =T11-S11 -> 6 | Z11: 2 | AA11: =LARGE(V$10:V$60, Z11) -> 10013979 | AB11: =IF(AA11>-1, INDEX(R$10:R$60, MATCH(AA11, V$10:V$60, 0)), "") -> Cooler + Trunks Jeune | AC11: =IF(AB11<>"", AB11 & " (" & SUMIF(R$10:R$60, AB11, S$10:S$60) & "V - " & SUMIF(R$10:R$60, AB11, Y$10:Y$60) & "D)", "") -> Cooler + Trunks Jeune (4V - 0D) | AD11: =IF(AB11<>"", SUMIF(R$10:R$60, AB11, U$10:U$60), 0) -> 1 | AF11: =IF(A11=0, 0, COUNTIFS(TableData[Résultat], "VICTOIRE", TableData[Xhelo], A11)) -> 0 | AG11: =IF(A11=0, 0, COUNTIF(TableData[Xhelo], A11)) -> 1 | AH11: =IF(AG11>0, AF11/AG11, 0) -> 0 | AI11: =AG11-AF11 -> 1 | AJ11: =IF(AG11>0, INT(AH11*10000000) + (AF11*1000) + (100-ROW()), -1) -> 89 | AK11: =SUMIF(TableData[Xhelo], A11, TableData[X_K]) -> 8 | AL11: =SUMIF(TableData[Xhelo], A11, TableData[X_D]) -> 3 | AM11: =SUMIF(TableData[Xhelo], A11, TableData[X_A]) -> 6 | AN11: =IF(AG11>0, (AK11+AM11)/MAX(1, AL11), 0) -> 4.6666667 | AO11: =IF(AG11>0, AN11*10000 + (100-ROW()), -1) -> 46755.667 | AQ11: =IF(A11=0, 0, COUNTIFS(TableData[Résultat], "VICTOIRE", TableData[J9], A11)) -> 0 | AR11: =IF(A11=0, 0, COUNTIF(TableData[J9], A11)) -> 0 | AS11: =IF(AR11>0, AQ11/AR11, 0) -> 0 | AT11: =AR11-AQ11 -> 0 | AU11: =IF(AR11>0, INT(AS11*10000000) + (AQ11*1000) + (100-ROW()), -1) -> -1 | AV11: =SUMIF(TableData[J9], A11, TableData[J_K]) -> 0 | AW11: =SUMIF(TableData[J9], A11, TableData[J_D]) -> 0 | AX11: =SUMIF(TableData[J9], A11, TableData[J_A]) -> 0 | AY11: =IF(AR11>0, (AV11+AX11)/MAX(1, AW11), 0) -> 0 | AZ11: =IF(AR11>0, AY11*10000 + (100-ROW()), -1) -> -1 | BA11: Défenseur | BB11: =SUMIF(PARAMETRES!B$2:B$60, BA11, AF$10:AF$60) -> 35 | BC11: =SUMIF(PARAMETRES!B$2:B$60, BA11, AG$10:AG$60) -> 48 | BD11: =IF(BC11>0, BB11/BC11, 0) -> 0.72916667 | BE11: =IF(BC11>0, 1-BD11, 0) -> 0.27083333 | BF11: =SUMIF(PARAMETRES!B$2:B$60, BA11, AQ$10:AQ$60) -> 27 | BG11: =SUMIF(PARAMETRES!B$2:B$60, BA11, AR$10:AR$60) -> 43 | BH11: =IF(BG11>0, BF11/BG11, 0) -> 0.62790698 | BI11: =IF(BG11>0, 1-BH11, 0) -> 0.37209302 | BJ11: =SUMIF(PARAMETRES!B$2:B$60, BA11, AK$10:AK$60)/MAX(1,BC11) -> 2.2708333 | BK11: =SUMIF(PARAMETRES!B$2:B$60, BA11, AL$10:AL$60)/MAX(1,BC11) -> 1.7916667 | BL11: =SUMIF(PARAMETRES!B$2:B$60, BA11, AM$10:AM$60)/MAX(1,BC11) -> 5.5 | BM11: =SUMIF(PARAMETRES!B$2:B$60, BA11, AV$10:AV$60)/MAX(1,BG11) -> 2.5813953 | BN11: =SUMIF(PARAMETRES!B$2:B$60, BA11, AW$10:AW$60)/MAX(1,BG11) -> 2.5813953 | BO11: =SUMIF(PARAMETRES!B$2:B$60, BA11, AX$10:AX$60)/MAX(1,BG11) -> 5.4186047 | CA11: 2 | CB11: =LARGE(AJ$10:AJ$60, CA11) -> 8577518 | CC11: =IF(CB11>-1, INDEX(A$10:A$60, MATCH(CB11, AJ$10:AJ$60, 0)), "") -> Son Goku Super Sayen | CD11: =IF(CC11<>"", CC11 & " (" & SUMIF(A$10:A$60, CC11, AF$10:AF$60) & "V - " & SUMIF(A$10:A$60, CC11, AI$10:AI$60) & "D)", "") -> Son Goku Super Sayen (6V - 1D) | CE11: =IF(CC11<>"", SUMIF(A$10:A$60, CC11, AH$10:AH$60), 0) -> 0.85714286 | CG11: 2 | CH11: =LARGE(AU$10:AU$60, CG11) -> 6932151 | CI11: =IF(CH11>-1, INDEX(A$10:A$60, MATCH(CH11, AU$10:AU$60, 0)), "") -> Zamasu | CJ11: =IF(CI11<>"", CI11 & " (" & SUMIF(A$10:A$60, CI11, AQ$10:AQ$60) & "V - " & SUMIF(A$10:A$60, CI11, AT$10:AT$60) & "D)", "") -> Zamasu (9V - 4D) | CK11: =IF(CI11<>"", SUMIF(A$10:A$60, CI11, AS$10:AS$60), 0) -> 0.69230769 | DM11: 2 | DN11: =LARGE(AO$10:AO$60, DM11) -> 46755.667 | DO11: =IF(DN11>-1, INDEX(A$10:A$60, MATCH(DN11, AO$10:AO$60, 0)), "") -> Piccolo | DP11: =IF(DO11<>"", DO11 & " (" & TEXT(VLOOKUP(DO11, A$10:AO$60, 40, FALSE), "0.0") & ")", "") -> Piccolo (0.5) | DQ11: =IF(DO11<>"", VLOOKUP(DO11, A$10:AO$60, 40, FALSE), 0) -> 4.6666667 | DS11: 2 | DT11: =LARGE(AZ$10:AZ$60, DS11) -> 58986.091 | DU11: =IF(DT11>-1, INDEX(A$10:A$60, MATCH(DT11, AZ$10:AZ$60, 0)), "") -> Vegito | DV11: =IF(DU11<>"", DU11 & " (" & TEXT(VLOOKUP(DU11, A$10:AZ$60, 51, FALSE), "0.0") & ")", "") -> Vegito (0.6) | DW11: =IF(DU11<>"", VLOOKUP(DU11, A$10:AZ$60, 51, FALSE), 0) -> 5.8909091
A12: =IF(PARAMETRES!A4="", 0, PARAMETRES!A4) -> Dabra | B12: =IF(A12=0, 0, COUNTIFS(TableData[Résultat], "VICTOIRE", TableData[Xhelo], A12) + COUNTIFS(TableData[Résultat], "VICTOIRE", TableData[J9], A12)) -> 0 | C12: =IF(A12=0, 0, COUNTIF(TableData[Xhelo], A12) + COUNTIF(TableData[J9], A12)) -> 0 | D12: =IF(C12>0, B12/C12, 0) -> 0 | E12: =IF(C12>0, INT(D12*10000000) + (B12*1000) + (100-ROW()), -1) -> -1 | F12: =IF(A12=0, 0, PARAMETRES!B4) -> Attaquant | G12: 3 | H12: =LARGE(E$10:E$60, G12) -> 7765992 | I12: =IF(H12>-1, INDEX(A$10:A$60, MATCH(H12, E$10:E$60, 0)), "") -> Bardock | J12: =IF(I12<>"", I12 & " (" & SUMIF(A$10:A$60, I12, B$10:B$60) & "V - " & SUMIF(A$10:A$60, I12, L$10:L$60) & "D)", "") -> Bardock (24V - 7D) | K12: =IF(I12<>"", SUMIF(A$10:A$60, I12, D$10:D$60), 0) -> 0.77419355 | L12: =C12-B12 -> 0 | N12: =IF(DATA!L4="", "", DATA!L4) -> Broly + Trunks Jeune | O12: =IF(N12="", "", IF(COUNTIF(N$10:N12, N12)=1, ROW(), "")) -> 12 | P12: =IFERROR(SMALL(O$10:O$500, 3), "") -> 13 | R12: =IF(P12="", 0, INDEX(N$10:N$500, P12-9)) -> Buu + Trunks Jeune | S12: =IF(R12=0, 0, COUNTIFS(TableData[Résultat], "VICTOIRE", TableData[DUO], R12)) -> 6 | T12: =IF(R12=0, 0, COUNTIF(TableData[DUO], R12)) -> 10 | U12: =IF(T12>0, S12/T12, 0) -> 0.6 | V12: =IF(T12>0, INT(U12*10000000) + (S12*1000) + (10000-ROW()), -1) -> 6015988 | Y12: =T12-S12 -> 4 | Z12: 3 | AA12: =LARGE(V$10:V$60, Z12) -> 10010972 | AB12: =IF(AA12>-1, INDEX(R$10:R$60, MATCH(AA12, V$10:V$60, 0)), "") -> C18 + Vegeta 4 | AC12: =IF(AB12<>"", AB12 & " (" & SUMIF(R$10:R$60, AB12, S$10:S$60) & "V - " & SUMIF(R$10:R$60, AB12, Y$10:Y$60) & "D)", "") -> C18 + Vegeta 4 (1V - 0D) | AD12: =IF(AB12<>"", SUMIF(R$10:R$60, AB12, U$10:U$60), 0) -> 1 | AF12: =IF(A12=0, 0, COUNTIFS(TableData[Résultat], "VICTOIRE", TableData[Xhelo], A12)) -> 0 | AG12: =IF(A12=0, 0, COUNTIF(TableData[Xhelo], A12)) -> 0 | AH12: =IF(AG12>0, AF12/AG12, 0) -> 0 | AI12: =AG12-AF12 -> 0 | AJ12: =IF(AG12>0, INT(AH12*10000000) + (AF12*1000) + (100-ROW()), -1) -> -1 | AK12: =SUMIF(TableData[Xhelo], A12, TableData[X_K]) -> 0 | AL12: =SUMIF(TableData[Xhelo], A12, TableData[X_D]) -> 0 | AM12: =SUMIF(TableData[Xhelo], A12, TableData[X_A]) -> 0 | AN12: =IF(AG12>0, (AK12+AM12)/MAX(1, AL12), 0) -> 0 | AO12: =IF(AG12>0, AN12*10000 + (100-ROW()), -1) -> -1 | AQ12: =IF(A12=0, 0, COUNTIFS(TableData[Résultat], "VICTOIRE", TableData[J9], A12)) -> 0 | AR12: =IF(A12=0, 0, COUNTIF(TableData[J9], A12)) -> 0 | AS12: =IF(AR12>0, AQ12/AR12, 0) -> 0 | AT12: =AR12-AQ12 -> 0 | AU12: =IF(AR12>0, INT(AS12*10000000) + (AQ12*1000) + (100-ROW()), -1) -> -1 | AV12: =SUMIF(TableData[J9], A12, TableData[J_K]) -> 0 | AW12: =SUMIF(TableData[J9], A12, TableData[J_D]) -> 0 | AX12: =SUMIF(TableData[J9], A12, TableData[J_A]) -> 0 | AY12: =IF(AR12>0, (AV12+AX12)/MAX(1, AW12), 0) -> 0 | AZ12: =IF(AR12>0, AY12*10000 + (100-ROW()), -1) -> -1 | BA12: Soutien | BB12: =SUMIF(PARAMETRES!B$2:B$60, BA12, AF$10:AF$60) -> 7 | BC12: =SUMIF(PARAMETRES!B$2:B$60, BA12, AG$10:AG$60) -> 14 | BD12: =IF(BC12>0, BB12/BC12, 0) -> 0.5 | BE12: =IF(BC12>0, 1-BD12, 0) -> 0.5 | BF12: =SUMIF(PARAMETRES!B$2:B$60, BA12, AQ$10:AQ$60) -> 32 | BG12: =SUMIF(PARAMETRES!B$2:B$60, BA12, AR$10:AR$60) -> 57 | BH12: =IF(BG12>0, BF12/BG12, 0) -> 0.56140351 | BI12: =IF(BG12>0, 1-BH12, 0) -> 0.43859649 | BJ12: =SUMIF(PARAMETRES!B$2:B$60, BA12, AK$10:AK$60)/MAX(1,BC12) -> 0.42857143 | BK12: =SUMIF(PARAMETRES!B$2:B$60, BA12, AL$10:AL$60)/MAX(1,BC12) -> 1.2142857 | BL12: =SUMIF(PARAMETRES!B$2:B$60, BA12, AM$10:AM$60)/MAX(1,BC12) -> 2.9285714 | BM12: =SUMIF(PARAMETRES!B$2:B$60, BA12, AV$10:AV$60)/MAX(1,BG12) -> 2.3333333 | BN12: =SUMIF(PARAMETRES!B$2:B$60, BA12, AW$10:AW$60)/MAX(1,BG12) -> 2.1754386 | BO12: =SUMIF(PARAMETRES!B$2:B$60, BA12, AX$10:AX$60)/MAX(1,BG12) -> 4.0350877 | CA12: 3 | CB12: =LARGE(AJ$10:AJ$60, CA12) -> 7765992 | CC12: =IF(CB12>-1, INDEX(A$10:A$60, MATCH(CB12, AJ$10:AJ$60, 0)), "") -> Bardock | CD12: =IF(CC12<>"", CC12 & " (" & SUMIF(A$10:A$60, CC12, AF$10:AF$60) & "V - " & SUMIF(A$10:A$60, CC12, AI$10:AI$60) & "D)", "") -> Bardock (24V - 7D) | CE12: =IF(CC12<>"", SUMIF(A$10:A$60, CC12, AH$10:AH$60), 0) -> 0.77419355 | CG12: 3 | CH12: =LARGE(AU$10:AU$60, CG12) -> 6513063 | CI12: =IF(CH12>-1, INDEX(A$10:A$60, MATCH(CH12, AU$10:AU$60, 0)), "") -> Hit | CJ12: =IF(CI12<>"", CI12 & " (" & SUMIF(A$10:A$60, CI12, AQ$10:AQ$60) & "V - " & SUMIF(A$10:A$60, CI12, AT$10:AT$60) & "D)", "") -> Hit (13V - 7D) | CK12: =IF(CI12<>"", SUMIF(A$10:A$60, CI12, AS$10:AS$60), 0) -> 0.65 | DM12: 3 | DN12: =LARGE(AO$10:AO$60, DM12) -> 38960.889 | DO12: =IF(DN12>-1, INDEX(A$10:A$60, MATCH(DN12, AO$10:AO$60, 0)), "") -> Cooler | DP12: =IF(DO12<>"", DO12 & " (" & TEXT(VLOOKUP(DO12, A$10:AO$60, 40, FALSE), "0.0") & ")", "") -> Cooler (0.4) | DQ12: =IF(DO12<>"", VLOOKUP(DO12, A$10:AO$60, 40, FALSE), 0) -> 3.8888889 | DS12: 3 | DT12: =LARGE(AZ$10:AZ$60, DS12) -> 44536.684 | DU12: =IF(DT12>-1, INDEX(A$10:A$60, MATCH(DT12, AZ$10:AZ$60, 0)), "") -> Hit | DV12: =IF(DU12<>"", DU12 & " (" & TEXT(VLOOKUP(DU12, A$10:AZ$60, 51, FALSE), "0.0") & ")", "") -> Hit (0.4) | DW12: =IF(DU12<>"", VLOOKUP(DU12, A$10:AZ$60, 51, FALSE), 0) -> 4.4473684
A13: =IF(PARAMETRES!A5="", 0, PARAMETRES!A5) -> Kale | B13: =IF(A13=0, 0, COUNTIFS(TableData[Résultat], "VICTOIRE", TableData[Xhelo], A13) + COUNTIFS(TableData[Résultat], "VICTOIRE", TableData[J9], A13)) -> 7 | C13: =IF(A13=0, 0, COUNTIF(TableData[Xhelo], A13) + COUNTIF(TableData[J9], A13)) -> 11 | D13: =IF(C13>0, B13/C13, 0) -> 0.63636364 | E13: =IF(C13>0, INT(D13*10000000) + (B13*1000) + (100-ROW()), -1) -> 6370723 | F13: =IF(A13=0, 0, PARAMETRES!B5) -> Attaquant | G13: 4 | H13: =LARGE(E$10:E$60, G13) -> 6941148 | I13: =IF(H13>-1, INDEX(A$10:A$60, MATCH(H13, E$10:E$60, 0)), "") -> Cooler | J13: =IF(I13<>"", I13 & " (" & SUMIF(A$10:A$60, I13, B$10:B$60) & "V - " & SUMIF(A$10:A$60, I13, L$10:L$60) & "D)", "") -> Cooler (18V - 8D) | K13: =IF(I13<>"", SUMIF(A$10:A$60, I13, D$10:D$60), 0) -> 0.69230769 | L13: =C13-B13 -> 4 | N13: =IF(DATA!L5="", "", DATA!L5) -> Buu + Trunks Jeune | O13: =IF(N13="", "", IF(COUNTIF(N$10:N13, N13)=1, ROW(), "")) -> 13 | P13: =IFERROR(SMALL(O$10:O$500, 4), "") -> 14 | R13: =IF(P13="", 0, INDEX(N$10:N$500, P13-9)) -> Broly + Gotenks | S13: =IF(R13=0, 0, COUNTIFS(TableData[Résultat], "VICTOIRE", TableData[DUO], R13)) -> 10 | T13: =IF(R13=0, 0, COUNTIF(TableData[DUO], R13)) -> 17 | U13: =IF(T13>0, S13/T13, 0) -> 0.58823529 | V13: =IF(T13>0, INT(U13*10000000) + (S13*1000) + (10000-ROW()), -1) -> 5902339 | Y13: =T13-S13 -> 7 | Z13: 4 | AA13: =LARGE(V$10:V$60, Z13) -> 8831969 | AB13: =IF(AA13>-1, INDEX(R$10:R$60, MATCH(AA13, V$10:V$60, 0)), "") -> Bardock + Vegito | AC13: =IF(AB13<>"", AB13 & " (" & SUMIF(R$10:R$60, AB13, S$10:S$60) & "V - " & SUMIF(R$10:R$60, AB13, Y$10:Y$60) & "D)", "") -> Bardock + Vegito (22V - 3D) | AD13: =IF(AB13<>"", SUMIF(R$10:R$60, AB13, U$10:U$60), 0) -> 0.88 | AF13: =IF(A13=0, 0, COUNTIFS(TableData[Résultat], "VICTOIRE", TableData[Xhelo], A13)) -> 7 | AG13: =IF(A13=0, 0, COUNTIF(TableData[Xhelo], A13)) -> 11 | AH13: =IF(AG13>0, AF13/AG13, 0) -> 0.63636364 | AI13: =AG13-AF13 -> 4 | AJ13: =IF(AG13>0, INT(AH13*10000000) + (AF13*1000) + (100-ROW()), -1) -> 6370723 | AK13: =SUMIF(TableData[Xhelo], A13, TableData[X_K]) -> 70 | AL13: =SUMIF(TableData[Xhelo], A13, TableData[X_D]) -> 33 | AM13: =SUMIF(TableData[Xhelo], A13, TableData[X_A]) -> 46 | AN13: =IF(AG13>0, (AK13+AM13)/MAX(1, AL13), 0) -> 3.5151515 | AO13: =IF(AG13>0, AN13*10000 + (100-ROW()), -1) -> 35238.515 | AQ13: =IF(A13=0, 0, COUNTIFS(TableData[Résultat], "VICTOIRE", TableData[J9], A13)) -> 0 | AR13: =IF(A13=0, 0, COUNTIF(TableData[J9], A13)) -> 0 | AS13: =IF(AR13>0, AQ13/AR13, 0) -> 0 | AT13: =AR13-AQ13 -> 0 | AU13: =IF(AR13>0, INT(AS13*10000000) + (AQ13*1000) + (100-ROW()), -1) -> -1 | AV13: =SUMIF(TableData[J9], A13, TableData[J_K]) -> 0 | AW13: =SUMIF(TableData[J9], A13, TableData[J_D]) -> 0 | AX13: =SUMIF(TableData[J9], A13, TableData[J_A]) -> 0 | AY13: =IF(AR13>0, (AV13+AX13)/MAX(1, AW13), 0) -> 0 | AZ13: =IF(AR13>0, AY13*10000 + (100-ROW()), -1) -> -1 | CA13: 4 | CB13: =LARGE(AJ$10:AJ$60, CA13) -> 6670737 | CC13: =IF(CB13>-1, INDEX(A$10:A$60, MATCH(CB13, AJ$10:AJ$60, 0)), "") -> Cell | CD13: =IF(CC13<>"", CC13 & " (" & SUMIF(A$10:A$60, CC13, AF$10:AF$60) & "V - " & SUMIF(A$10:A$60, CC13, AI$10:AI$60) & "D)", "") -> Cell (4V - 2D) | CE13: =IF(CC13<>"", SUMIF(A$10:A$60, CC13, AH$10:AH$60), 0) -> 0.66666667 | CG13: 4 | CH13: =LARGE(AU$10:AU$60, CG13) -> 6377708 | CI13: =IF(CH13>-1, INDEX(A$10:A$60, MATCH(CH13, AU$10:AU$60, 0)), "") -> Cooler | CJ13: =IF(CI13<>"", CI13 & " (" & SUMIF(A$10:A$60, CI13, AQ$10:AQ$60) & "V - " & SUMIF(A$10:A$60, CI13, AT$10:AT$60) & "D)", "") -> Cooler (14V - 8D) | CK13: =IF(CI13<>"", SUMIF(A$10:A$60, CI13, AS$10:AS$60), 0) -> 0.63636364 | DM13: 4 | DN13: =LARGE(AO$10:AO$60, DM13) -> 35238.515 | DO13: =IF(DN13>-1, INDEX(A$10:A$60, MATCH(DN13, AO$10:AO$60, 0)), "") -> Kale | DP13: =IF(DO13<>"", DO13 & " (" & TEXT(VLOOKUP(DO13, A$10:AO$60, 40, FALSE), "0.0") & ")", "") -> Kale (0.4) | DQ13: =IF(DO13<>"", VLOOKUP(DO13, A$10:AO$60, 40, FALSE), 0) -> 3.5151515 | DS13: 4 | DT13: =LARGE(AZ$10:AZ$60, DS13) -> 34160.909 | DU13: =IF(DT13>-1, INDEX(A$10:A$60, MATCH(DT13, AZ$10:AZ$60, 0)), "") -> Vegeta 4 | DV13: =IF(DU13<>"", DU13 & " (" & TEXT(VLOOKUP(DU13, A$10:AZ$60, 51, FALSE), "0.0") & ")", "") -> Vegeta 4 (0.3) | DW13: =IF(DU13<>"", VLOOKUP(DU13, A$10:AZ$60, 51, FALSE), 0) -> 3.4090909
A14: =IF(PARAMETRES!A6="", 0, PARAMETRES!A6) -> Son Goku Mini | B14: =IF(A14=0, 0, COUNTIFS(TableData[Résultat], "VICTOIRE", TableData[Xhelo], A14) + COUNTIFS(TableData[Résultat], "VICTOIRE", TableData[J9], A14)) -> 0 | C14: =IF(A14=0, 0, COUNTIF(TableData[Xhelo], A14) + COUNTIF(TableData[J9], A14)) -> 0 | D14: =IF(C14>0, B14/C14, 0) -> 0 | E14: =IF(C14>0, INT(D14*10000000) + (B14*1000) + (100-ROW()), -1) -> -1 | F14: =IF(A14=0, 0, PARAMETRES!B6) -> Attaquant | G14: 5 | H14: =LARGE(E$10:E$60, G14) -> 6932151 | I14: =IF(H14>-1, INDEX(A$10:A$60, MATCH(H14, E$10:E$60, 0)), "") -> Zamasu | J14: =IF(I14<>"", I14 & " (" & SUMIF(A$10:A$60, I14, B$10:B$60) & "V - " & SUMIF(A$10:A$60, I14, L$10:L$60) & "D)", "") -> Zamasu (9V - 0,142857142857143D) | K14: =IF(I14<>"", SUMIF(A$10:A$60, I14, D$10:D$60), 0) -> 0.69230769 | L14: =C14-B14 -> 0 | N14: =IF(DATA!L6="", "", DATA!L6) -> Broly + Gotenks | O14: =IF(N14="", "", IF(COUNTIF(N$10:N14, N14)=1, ROW(), "")) -> 14 | P14: =IFERROR(SMALL(O$10:O$500, 5), "") -> 15 | R14: =IF(P14="", 0, INDEX(N$10:N$500, P14-9)) -> C-18 + Gotenks | S14: =IF(R14=0, 0, COUNTIFS(TableData[Résultat], "VICTOIRE", TableData[DUO], R14)) -> 0 | T14: =IF(R14=0, 0, COUNTIF(TableData[DUO], R14)) -> 1 | U14: =IF(T14>0, S14/T14, 0) -> 0 | V14: =IF(T14>0, INT(U14*10000000) + (S14*1000) + (10000-ROW()), -1) -> 9986 | Y14: =T14-S14 -> 1 | Z14: 5 | AA14: =LARGE(V$10:V$60, Z14) -> 7290703 | AB14: =IF(AA14>-1, INDEX(R$10:R$60, MATCH(AA14, V$10:V$60, 0)), "") -> Broly + Hit | AC14: =IF(AB14<>"", AB14 & " (" & SUMIF(R$10:R$60, AB14, S$10:S$60) & "V - " & SUMIF(R$10:R$60, AB14, Y$10:Y$60) & "D)", "") -> Broly + Hit (8V - 3D) | AD14: =IF(AB14<>"", SUMIF(R$10:R$60, AB14, U$10:U$60), 0) -> 0.72727273 | AF14: =IF(A14=0, 0, COUNTIFS(TableData[Résultat], "VICTOIRE", TableData[Xhelo], A14)) -> 0 | AG14: =IF(A14=0, 0, COUNTIF(TableData[Xhelo], A14)) -> 0 | AH14: =IF(AG14>0, AF14/AG14, 0) -> 0 | AI14: =AG14-AF14 -> 0 | AJ14: =IF(AG14>0, INT(AH14*10000000) + (AF14*1000) + (100-ROW()), -1) -> -1 | AK14: =SUMIF(TableData[Xhelo], A14, TableData[X_K]) -> 0 | AL14: =SUMIF(TableData[Xhelo], A14, TableData[X_D]) -> 0 | AM14: =SUMIF(TableData[Xhelo], A14, TableData[X_A]) -> 0 | AN14: =IF(AG14>0, (AK14+AM14)/MAX(1, AL14), 0) -> 0 | AO14: =IF(AG14>0, AN14*10000 + (100-ROW()), -1) -> -1 | AQ14: =IF(A14=0, 0, COUNTIFS(TableData[Résultat], "VICTOIRE", TableData[J9], A14)) -> 0 | AR14: =IF(A14=0, 0, COUNTIF(TableData[J9], A14)) -> 0 | AS14: =IF(AR14>0, AQ14/AR14, 0) -> 0 | AT14: =AR14-AQ14 -> 0 | AU14: =IF(AR14>0, INT(AS14*10000000) + (AQ14*1000) + (100-ROW()), -1) -> -1 | AV14: =SUMIF(TableData[J9], A14, TableData[J_K]) -> 0 | AW14: =SUMIF(TableData[J9], A14, TableData[J_D]) -> 0 | AX14: =SUMIF(TableData[J9], A14, TableData[J_A]) -> 0 | AY14: =IF(AR14>0, (AV14+AX14)/MAX(1, AW14), 0) -> 0 | AZ14: =IF(AR14>0, AY14*10000 + (100-ROW()), -1) -> -1 | CA14: 5 | CB14: =LARGE(AJ$10:AJ$60, CA14) -> 6370723 | CC14: =IF(CB14>-1, INDEX(A$10:A$60, MATCH(CB14, AJ$10:AJ$60, 0)), "") -> Kale | CD14: =IF(CC14<>"", CC14 & " (" & SUMIF(A$10:A$60, CC14, AF$10:AF$60) & "V - " & SUMIF(A$10:A$60, CC14, AI$10:AI$60) & "D)", "") -> Kale (7V - 4D) | CE14: =IF(CC14<>"", SUMIF(A$10:A$60, CC14, AH$10:AH$60), 0) -> 0.63636364 | CG14: 5 | CH14: =LARGE(AU$10:AU$60, CG14) -> 5734364 | CI14: =IF(CH14>-1, INDEX(A$10:A$60, MATCH(CH14, AU$10:AU$60, 0)), "") -> Trunks Jeune | CJ14: =IF(CI14<>"", CI14 & " (" & SUMIF(A$10:A$60, CI14, AQ$10:AQ$60) & "V - " & SUMIF(A$10:A$60, CI14, AT$10:AT$60) & "D)", "") -> Trunks Jeune (20V - 15D) | CK14: =IF(CI14<>"", SUMIF(A$10:A$60, CI14, AS$10:AS$60), 0) -> 0.57142857 | DM14: 5 | DN14: =LARGE(AO$10:AO$60, DM14) -> 30658.235 | DO14: =IF(DN14>-1, INDEX(A$10:A$60, MATCH(DN14, AO$10:AO$60, 0)), "") -> Vegeta 4 | DP14: =IF(DO14<>"", DO14 & " (" & TEXT(VLOOKUP(DO14, A$10:AO$60, 40, FALSE), "0.0") & ")", "") -> Vegeta 4 (0.3) | DQ14: =IF(DO14<>"", VLOOKUP(DO14, A$10:AO$60, 40, FALSE), 0) -> 3.0588235 | DS14: 5 | DT14: =LARGE(AZ$10:AZ$60, DS14) -> 33675 | DU14: =IF(DT14>-1, INDEX(A$10:A$60, MATCH(DT14, AZ$10:AZ$60, 0)), "") -> Zamasu | DV14: =IF(DU14<>"", DU14 & " (" & TEXT(VLOOKUP(DU14, A$10:AZ$60, 51, FALSE), "0.0") & ")", "") -> Zamasu (0.3) | DW14: =IF(DU14<>"", VLOOKUP(DU14, A$10:AZ$60, 51, FALSE), 0) -> 3.36
A15: =IF(PARAMETRES!A7="", 0, PARAMETRES!A7) -> Bojack | B15: =IF(A15=0, 0, COUNTIFS(TableData[Résultat], "VICTOIRE", TableData[Xhelo], A15) + COUNTIFS(TableData[Résultat], "VICTOIRE", TableData[J9], A15)) -> 0 | C15: =IF(A15=0, 0, COUNTIF(TableData[Xhelo], A15) + COUNTIF(TableData[J9], A15)) -> 0 | D15: =IF(C15>0, B15/C15, 0) -> 0 | E15: =IF(C15>0, INT(D15*10000000) + (B15*1000) + (100-ROW()), -1) -> -1 | F15: =IF(A15=0, 0, PARAMETRES!B7) -> Attaquant | L15: =C15-B15 -> 0 | N15: =IF(DATA!L7="", "", DATA!L7) -> C-18 + Gotenks | O15: =IF(N15="", "", IF(COUNTIF(N$10:N15, N15)=1, ROW(), "")) -> 15 | P15: =IFERROR(SMALL(O$10:O$500, 6), "") -> 17 | R15: =IF(P15="", 0, INDEX(N$10:N$500, P15-9)) -> Vegeta 4 + Trunks Jeune | S15: =IF(R15=0, 0, COUNTIFS(TableData[Résultat], "VICTOIRE", TableData[DUO], R15)) -> 1 | T15: =IF(R15=0, 0, COUNTIF(TableData[DUO], R15)) -> 2 | U15: =IF(T15>0, S15/T15, 0) -> 0.5 | V15: =IF(T15>0, INT(U15*10000000) + (S15*1000) + (10000-ROW()), -1) -> 5010985 | Y15: =T15-S15 -> 1 | AF15: =IF(A15=0, 0, COUNTIFS(TableData[Résultat], "VICTOIRE", TableData[Xhelo], A15)) -> 0 | AG15: =IF(A15=0, 0, COUNTIF(TableData[Xhelo], A15)) -> 0 | AH15: =IF(AG15>0, AF15/AG15, 0) -> 0 | AI15: =AG15-AF15 -> 0 | AJ15: =IF(AG15>0, INT(AH15*10000000) + (AF15*1000) + (100-ROW()), -1) -> -1 | AK15: =SUMIF(TableData[Xhelo], A15, TableData[X_K]) -> 0 | AL15: =SUMIF(TableData[Xhelo], A15, TableData[X_D]) -> 0 | AM15: =SUMIF(TableData[Xhelo], A15, TableData[X_A]) -> 0 | AN15: =IF(AG15>0, (AK15+AM15)/MAX(1, AL15), 0) -> 0 | AO15: =IF(AG15>0, AN15*10000 + (100-ROW()), -1) -> -1 | AQ15: =IF(A15=0, 0, COUNTIFS(TableData[Résultat], "VICTOIRE", TableData[J9], A15)) -> 0 | AR15: =IF(A15=0, 0, COUNTIF(TableData[J9], A15)) -> 0 | AS15: =IF(AR15>0, AQ15/AR15, 0) -> 0 | AT15: =AR15-AQ15 -> 0 | AU15: =IF(AR15>0, INT(AS15*10000000) + (AQ15*1000) + (100-ROW()), -1) -> -1 | AV15: =SUMIF(TableData[J9], A15, TableData[J_K]) -> 0 | AW15: =SUMIF(TableData[J9], A15, TableData[J_D]) -> 0 | AX15: =SUMIF(TableData[J9], A15, TableData[J_A]) -> 0 | AY15: =IF(AR15>0, (AV15+AX15)/MAX(1, AW15), 0) -> 0 | AZ15: =IF(AR15>0, AY15*10000 + (100-ROW()), -1) -> -1
A16: =IF(PARAMETRES!A8="", 0, PARAMETRES!A8) -> Gamma 1 et 2 | B16: =IF(A16=0, 0, COUNTIFS(TableData[Résultat], "VICTOIRE", TableData[Xhelo], A16) + COUNTIFS(TableData[Résultat], "VICTOIRE", TableData[J9], A16)) -> 0 | C16: =IF(A16=0, 0, COUNTIF(TableData[Xhelo], A16) + COUNTIF(TableData[J9], A16)) -> 0 | D16: =IF(C16>0, B16/C16, 0) -> 0 | E16: =IF(C16>0, INT(D16*10000000) + (B16*1000) + (100-ROW()), -1) -> -1 | F16: =IF(A16=0, 0, PARAMETRES!B8) -> Attaquant | L16: =C16-B16 -> 0 | N16: =IF(DATA!L8="", "", DATA!L8) -> Buu + Trunks Jeune | O16: =IF(N16="", "", IF(COUNTIF(N$10:N16, N16)=1, ROW(), "")) | P16: =IFERROR(SMALL(O$10:O$500, 7), "") -> 28 | R16: =IF(P16="", 0, INDEX(N$10:N$500, P16-9)) -> Buu + Cooler | S16: =IF(R16=0, 0, COUNTIFS(TableData[Résultat], "VICTOIRE", TableData[DUO], R16)) -> 1 | T16: =IF(R16=0, 0, COUNTIF(TableData[DUO], R16)) -> 4 | U16: =IF(T16>0, S16/T16, 0) -> 0.25 | V16: =IF(T16>0, INT(U16*10000000) + (S16*1000) + (10000-ROW()), -1) -> 2510984 | Y16: =T16-S16 -> 3 | AF16: =IF(A16=0, 0, COUNTIFS(TableData[Résultat], "VICTOIRE", TableData[Xhelo], A16)) -> 0 | AG16: =IF(A16=0, 0, COUNTIF(TableData[Xhelo], A16)) -> 0 | AH16: =IF(AG16>0, AF16/AG16, 0) -> 0 | AI16: =AG16-AF16 -> 0 | AJ16: =IF(AG16>0, INT(AH16*10000000) + (AF16*1000) + (100-ROW()), -1) -> -1 | AK16: =SUMIF(TableData[Xhelo], A16, TableData[X_K]) -> 0 | AL16: =SUMIF(TableData[Xhelo], A16, TableData[X_D]) -> 0 | AM16: =SUMIF(TableData[Xhelo], A16, TableData[X_A]) -> 0 | AN16: =IF(AG16>0, (AK16+AM16)/MAX(1, AL16), 0) -> 0 | AO16: =IF(AG16>0, AN16*10000 + (100-ROW()), -1) -> -1 | AQ16: =IF(A16=0, 0, COUNTIFS(TableData[Résultat], "VICTOIRE", TableData[J9], A16)) -> 0 | AR16: =IF(A16=0, 0, COUNTIF(TableData[J9], A16)) -> 0 | AS16: =IF(AR16>0, AQ16/AR16, 0) -> 0 | AT16: =AR16-AQ16 -> 0 | AU16: =IF(AR16>0, INT(AS16*10000000) + (AQ16*1000) + (100-ROW()), -1) -> -1 | AV16: =SUMIF(TableData[J9], A16, TableData[J_K]) -> 0 | AW16: =SUMIF(TableData[J9], A16, TableData[J_D]) -> 0 | AX16: =SUMIF(TableData[J9], A16, TableData[J_A]) -> 0 | AY16: =IF(AR16>0, (AV16+AX16)/MAX(1, AW16), 0) -> 0 | AZ16: =IF(AR16>0, AY16*10000 + (100-ROW()), -1) -> -1
A17: =IF(PARAMETRES!A9="", 0, PARAMETRES!A9) -> C-18 | B17: =IF(A17=0, 0, COUNTIFS(TableData[Résultat], "VICTOIRE", TableData[Xhelo], A17) + COUNTIFS(TableData[Résultat], "VICTOIRE", TableData[J9], A17)) -> 0 | C17: =IF(A17=0, 0, COUNTIF(TableData[Xhelo], A17) + COUNTIF(TableData[J9], A17)) -> 1 | D17: =IF(C17>0, B17/C17, 0) -> 0 | E17: =IF(C17>0, INT(D17*10000000) + (B17*1000) + (100-ROW()), -1) -> 83 | F17: =IF(A17=0, 0, PARAMETRES!B9) -> Attaquant | L17: =C17-B17 -> 1 | N17: =IF(DATA!L9="", "", DATA!L9) -> Vegeta 4 + Trunks Jeune | O17: =IF(N17="", "", IF(COUNTIF(N$10:N17, N17)=1, ROW(), "")) -> 17 | P17: =IFERROR(SMALL(O$10:O$500, 8), "") -> 39 | R17: =IF(P17="", 0, INDEX(N$10:N$500, P17-9)) -> Cell + Trunks Jeune | S17: =IF(R17=0, 0, COUNTIFS(TableData[Résultat], "VICTOIRE", TableData[DUO], R17)) -> 4 | T17: =IF(R17=0, 0, COUNTIF(TableData[DUO], R17)) -> 6 | U17: =IF(T17>0, S17/T17, 0) -> 0.66666667 | V17: =IF(T17>0, INT(U17*10000000) + (S17*1000) + (10000-ROW()), -1) -> 6680649 | Y17: =T17-S17 -> 2 | AF17: =IF(A17=0, 0, COUNTIFS(TableData[Résultat], "VICTOIRE", TableData[Xhelo], A17)) -> 0 | AG17: =IF(A17=0, 0, COUNTIF(TableData[Xhelo], A17)) -> 1 | AH17: =IF(AG17>0, AF17/AG17, 0) -> 0 | AI17: =AG17-AF17 -> 1 | AJ17: =IF(AG17>0, INT(AH17*10000000) + (AF17*1000) + (100-ROW()), -1) -> 83 | AK17: =SUMIF(TableData[Xhelo], A17, TableData[X_K]) -> 4 | AL17: =SUMIF(TableData[Xhelo], A17, TableData[X_D]) -> 8 | AM17: =SUMIF(TableData[Xhelo], A17, TableData[X_A]) -> 3 | AN17: =IF(AG17>0, (AK17+AM17)/MAX(1, AL17), 0) -> 0.875 | AO17: =IF(AG17>0, AN17*10000 + (100-ROW()), -1) -> 8833 | AQ17: =IF(A17=0, 0, COUNTIFS(TableData[Résultat], "VICTOIRE", TableData[J9], A17)) -> 0 | AR17: =IF(A17=0, 0, COUNTIF(TableData[J9], A17)) -> 0 | AS17: =IF(AR17>0, AQ17/AR17, 0) -> 0 | AT17: =AR17-AQ17 -> 0 | AU17: =IF(AR17>0, INT(AS17*10000000) + (AQ17*1000) + (100-ROW()), -1) -> -1 | AV17: =SUMIF(TableData[J9], A17, TableData[J_K]) -> 0 | AW17: =SUMIF(TableData[J9], A17, TableData[J_D]) -> 0 | AX17: =SUMIF(TableData[J9], A17, TableData[J_A]) -> 0 | AY17: =IF(AR17>0, (AV17+AX17)/MAX(1, AW17), 0) -> 0 | AZ17: =IF(AR17>0, AY17*10000 + (100-ROW()), -1) -> -1
A18: =IF(PARAMETRES!A10="", 0, PARAMETRES!A10) -> Son Goku Sayen 3 | B18: =IF(A18=0, 0, COUNTIFS(TableData[Résultat], "VICTOIRE", TableData[Xhelo], A18) + COUNTIFS(TableData[Résultat], "VICTOIRE", TableData[J9], A18)) -> 0 | C18: =IF(A18=0, 0, COUNTIF(TableData[Xhelo], A18) + COUNTIF(TableData[J9], A18)) -> 0 | D18: =IF(C18>0, B18/C18, 0) -> 0 | E18: =IF(C18>0, INT(D18*10000000) + (B18*1000) + (100-ROW()), -1) -> -1 | F18: =IF(A18=0, 0, PARAMETRES!B10) -> Attaquant | L18: =C18-B18 -> 0 | N18: =IF(DATA!L10="", "", DATA!L10) -> Broly + Cooler | O18: =IF(N18="", "", IF(COUNTIF(N$10:N18, N18)=1, ROW(), "")) | P18: =IFERROR(SMALL(O$10:O$500, 9), "") -> 47 | R18: =IF(P18="", 0, INDEX(N$10:N$500, P18-9)) -> Son Goku Super Sayen + Cooler | S18: =IF(R18=0, 0, COUNTIFS(TableData[Résultat], "VICTOIRE", TableData[DUO], R18)) -> 5 | T18: =IF(R18=0, 0, COUNTIF(TableData[DUO], R18)) -> 5 | U18: =IF(T18>0, S18/T18, 0) -> 1 | V18: =IF(T18>0, INT(U18*10000000) + (S18*1000) + (10000-ROW()), -1) -> 10014982 | Y18: =T18-S18 -> 0 | AF18: =IF(A18=0, 0, COUNTIFS(TableData[Résultat], "VICTOIRE", TableData[Xhelo], A18)) -> 0 | AG18: =IF(A18=0, 0, COUNTIF(TableData[Xhelo], A18)) -> 0 | AH18: =IF(AG18>0, AF18/AG18, 0) -> 0 | AI18: =AG18-AF18 -> 0 | AJ18: =IF(AG18>0, INT(AH18*10000000) + (AF18*1000) + (100-ROW()), -1) -> -1 | AK18: =SUMIF(TableData[Xhelo], A18, TableData[X_K]) -> 0 | AL18: =SUMIF(TableData[Xhelo], A18, TableData[X_D]) -> 0 | AM18: =SUMIF(TableData[Xhelo], A18, TableData[X_A]) -> 0 | AN18: =IF(AG18>0, (AK18+AM18)/MAX(1, AL18), 0) -> 0 | AO18: =IF(AG18>0, AN18*10000 + (100-ROW()), -1) -> -1 | AQ18: =IF(A18=0, 0, COUNTIFS(TableData[Résultat], "VICTOIRE", TableData[J9], A18)) -> 0 | AR18: =IF(A18=0, 0, COUNTIF(TableData[J9], A18)) -> 0 | AS18: =IF(AR18>0, AQ18/AR18, 0) -> 0 | AT18: =AR18-AQ18 -> 0 | AU18: =IF(AR18>0, INT(AS18*10000000) + (AQ18*1000) + (100-ROW()), -1) -> -1 | AV18: =SUMIF(TableData[J9], A18, TableData[J_K]) -> 0 | AW18: =SUMIF(TableData[J9], A18, TableData[J_D]) -> 0 | AX18: =SUMIF(TableData[J9], A18, TableData[J_A]) -> 0 | AY18: =IF(AR18>0, (AV18+AX18)/MAX(1, AW18), 0) -> 0 | AZ18: =IF(AR18>0, AY18*10000 + (100-ROW()), -1) -> -1
A19: =IF(PARAMETRES!A11="", 0, PARAMETRES!A11) -> Broly | B19: =IF(A19=0, 0, COUNTIFS(TableData[Résultat], "VICTOIRE", TableData[Xhelo], A19) + COUNTIFS(TableData[Résultat], "VICTOIRE", TableData[J9], A19)) -> 48 | C19: =IF(A19=0, 0, COUNTIF(TableData[Xhelo], A19) + COUNTIF(TableData[J9], A19)) -> 83 | D19: =IF(C19>0, B19/C19, 0) -> 0.57831325 | E19: =IF(C19>0, INT(D19*10000000) + (B19*1000) + (100-ROW()), -1) -> 5831213 | F19: =IF(A19=0, 0, PARAMETRES!B11) -> Attaquant | L19: =C19-B19 -> 35 | N19: =IF(DATA!L11="", "", DATA!L11) -> Broly + Gotenks | O19: =IF(N19="", "", IF(COUNTIF(N$10:N19, N19)=1, ROW(), "")) | P19: =IFERROR(SMALL(O$10:O$500, 10), "") -> 50 | R19: =IF(P19="", 0, INDEX(N$10:N$500, P19-9)) -> Gotenks + Broly | S19: =IF(R19=0, 0, COUNTIFS(TableData[Résultat], "VICTOIRE", TableData[DUO], R19)) -> 0 | T19: =IF(R19=0, 0, COUNTIF(TableData[DUO], R19)) -> 1 | U19: =IF(T19>0, S19/T19, 0) -> 0 | V19: =IF(T19>0, INT(U19*10000000) + (S19*1000) + (10000-ROW()), -1) -> 9981 | Y19: =T19-S19 -> 1 | AF19: =IF(A19=0, 0, COUNTIFS(TableData[Résultat], "VICTOIRE", TableData[Xhelo], A19)) -> 48 | AG19: =IF(A19=0, 0, COUNTIF(TableData[Xhelo], A19)) -> 83 | AH19: =IF(AG19>0, AF19/AG19, 0) -> 0.57831325 | AI19: =AG19-AF19 -> 35 | AJ19: =IF(AG19>0, INT(AH19*10000000) + (AF19*1000) + (100-ROW()), -1) -> 5831213 | AK19: =SUMIF(TableData[Xhelo], A19, TableData[X_K]) -> 337 | AL19: =SUMIF(TableData[Xhelo], A19, TableData[X_D]) -> 275 | AM19: =SUMIF(TableData[Xhelo], A19, TableData[X_A]) -> 335 | AN19: =IF(AG19>0, (AK19+AM19)/MAX(1, AL19), 0) -> 2.4436364 | AO19: =IF(AG19>0, AN19*10000 + (100-ROW()), -1) -> 24517.364 | AQ19: =IF(A19=0, 0, COUNTIFS(TableData[Résultat], "VICTOIRE", TableData[J9], A19)) -> 0 | AR19: =IF(A19=0, 0, COUNTIF(TableData[J9], A19)) -> 0 | AS19: =IF(AR19>0, AQ19/AR19, 0) -> 0 | AT19: =AR19-AQ19 -> 0 | AU19: =IF(AR19>0, INT(AS19*10000000) + (AQ19*1000) + (100-ROW()), -1) -> -1 | AV19: =SUMIF(TableData[J9], A19, TableData[J_K]) -> 0 | AW19: =SUMIF(TableData[J9], A19, TableData[J_D]) -> 0 | AX19: =SUMIF(TableData[J9], A19, TableData[J_A]) -> 0 | AY19: =IF(AR19>0, (AV19+AX19)/MAX(1, AW19), 0) -> 0 | AZ19: =IF(AR19>0, AY19*10000 + (100-ROW()), -1) -> -1
A20: =IF(PARAMETRES!A12="", 0, PARAMETRES!A12) -> Super Uub | B20: =IF(A20=0, 0, COUNTIFS(TableData[Résultat], "VICTOIRE", TableData[Xhelo], A20) + COUNTIFS(TableData[Résultat], "VICTOIRE", TableData[J9], A20)) -> 0 | C20: =IF(A20=0, 0, COUNTIF(TableData[Xhelo], A20) + COUNTIF(TableData[J9], A20)) -> 0 | D20: =IF(C20>0, B20/C20, 0) -> 0 | E20: =IF(C20>0, INT(D20*10000000) + (B20*1000) + (100-ROW()), -1) -> -1 | F20: =IF(A20=0, 0, PARAMETRES!B12) -> Attaquant | L20: =C20-B20 -> 0 | N20: =IF(DATA!L12="", "", DATA!L12) -> Buu + Trunks Jeune | O20: =IF(N20="", "", IF(COUNTIF(N$10:N20, N20)=1, ROW(), "")) | P20: =IFERROR(SMALL(O$10:O$500, 11), "") -> 52 | R20: =IF(P20="", 0, INDEX(N$10:N$500, P20-9)) -> Broly + Ultimate Gohan | S20: =IF(R20=0, 0, COUNTIFS(TableData[Résultat], "VICTOIRE", TableData[DUO], R20)) -> 7 | T20: =IF(R20=0, 0, COUNTIF(TableData[DUO], R20)) -> 15 | U20: =IF(T20>0, S20/T20, 0) -> 0.46666667 | V20: =IF(T20>0, INT(U20*10000000) + (S20*1000) + (10000-ROW()), -1) -> 4683646 | Y20: =T20-S20 -> 8 | AF20: =IF(A20=0, 0, COUNTIFS(TableData[Résultat], "VICTOIRE", TableData[Xhelo], A20)) -> 0 | AG20: =IF(A20=0, 0, COUNTIF(TableData[Xhelo], A20)) -> 0 | AH20: =IF(AG20>0, AF20/AG20, 0) -> 0 | AI20: =AG20-AF20 -> 0 | AJ20: =IF(AG20>0, INT(AH20*10000000) + (AF20*1000) + (100-ROW()), -1) -> -1 | AK20: =SUMIF(TableData[Xhelo], A20, TableData[X_K]) -> 0 | AL20: =SUMIF(TableData[Xhelo], A20, TableData[X_D]) -> 0 | AM20: =SUMIF(TableData[Xhelo], A20, TableData[X_A]) -> 0 | AN20: =IF(AG20>0, (AK20+AM20)/MAX(1, AL20), 0) -> 0 | AO20: =IF(AG20>0, AN20*10000 + (100-ROW()), -1) -> -1 | AQ20: =IF(A20=0, 0, COUNTIFS(TableData[Résultat], "VICTOIRE", TableData[J9], A20)) -> 0 | AR20: =IF(A20=0, 0, COUNTIF(TableData[J9], A20)) -> 0 | AS20: =IF(AR20>0, AQ20/AR20, 0) -> 0 | AT20: =AR20-AQ20 -> 0 | AU20: =IF(AR20>0, INT(AS20*10000000) + (AQ20*1000) + (100-ROW()), -1) -> -1 | AV20: =SUMIF(TableData[J9], A20, TableData[J_K]) -> 0 | AW20: =SUMIF(TableData[J9], A20, TableData[J_D]) -> 0 | AX20: =SUMIF(TableData[J9], A20, TableData[J_A]) -> 0 | AY20: =IF(AR20>0, (AV20+AX20)/MAX(1, AW20), 0) -> 0 | AZ20: =IF(AR20>0, AY20*10000 + (100-ROW()), -1) -> -1
A21: =IF(PARAMETRES!A13="", 0, PARAMETRES!A13) -> Trunks Jeune | B21: =IF(A21=0, 0, COUNTIFS(TableData[Résultat], "VICTOIRE", TableData[Xhelo], A21) + COUNTIFS(TableData[Résultat], "VICTOIRE", TableData[J9], A21)) -> 20 | C21: =IF(A21=0, 0, COUNTIF(TableData[Xhelo], A21) + COUNTIF(TableData[J9], A21)) -> 35 | D21: =IF(C21>0, B21/C21, 0) -> 0.57142857 | E21: =IF(C21>0, INT(D21*10000000) + (B21*1000) + (100-ROW()), -1) -> 5734364 | F21: =IF(A21=0, 0, PARAMETRES!B13) -> Attaquant | J21: =J14 -> Zamasu (9V - 0,142857142857143D) | K21: =K14 -> 0.69230769 | L21: =IF(J21="", 0, 1-K21) -> 0.30769231 | N21: =IF(DATA!L13="", "", DATA!L13) -> Broly + Gotenks | O21: =IF(N21="", "", IF(COUNTIF(N$10:N21, N21)=1, ROW(), "")) | P21: =IFERROR(SMALL(O$10:O$500, 12), "") -> 53 | R21: =IF(P21="", 0, INDEX(N$10:N$500, P21-9)) -> Cooler + Trunks Jeune | S21: =IF(R21=0, 0, COUNTIFS(TableData[Résultat], "VICTOIRE", TableData[DUO], R21)) -> 4 | T21: =IF(R21=0, 0, COUNTIF(TableData[DUO], R21)) -> 4 | U21: =IF(T21>0, S21/T21, 0) -> 1 | V21: =IF(T21>0, INT(U21*10000000) + (S21*1000) + (10000-ROW()), -1) -> 10013979 | Y21: =T21-S21 -> 0 | AC21: =AC14 -> Broly + Hit (8V - 3D) | AD21: =AD14 -> 0.72727273 | AE21: =IF(AC21="", 0, 1-AD21) -> 0.27272727 | AF21: =IF(A21=0, 0, COUNTIFS(TableData[Résultat], "VICTOIRE", TableData[Xhelo], A21)) -> 0 | AG21: =IF(A21=0, 0, COUNTIF(TableData[Xhelo], A21)) -> 0 | AH21: =IF(AG21>0, AF21/AG21, 0) -> 0 | AI21: =AG21-AF21 -> 0 | AJ21: =IF(AG21>0, INT(AH21*10000000) + (AF21*1000) + (100-ROW()), -1) -> -1 | AK21: =SUMIF(TableData[Xhelo], A21, TableData[X_K]) -> 0 | AL21: =SUMIF(TableData[Xhelo], A21, TableData[X_D]) -> 0 | AM21: =SUMIF(TableData[Xhelo], A21, TableData[X_A]) -> 0 | AN21: =IF(AG21>0, (AK21+AM21)/MAX(1, AL21), 0) -> 0 | AO21: =IF(AG21>0, AN21*10000 + (100-ROW()), -1) -> -1 | AQ21: =IF(A21=0, 0, COUNTIFS(TableData[Résultat], "VICTOIRE", TableData[J9], A21)) -> 20 | AR21: =IF(A21=0, 0, COUNTIF(TableData[J9], A21)) -> 35 | AS21: =IF(AR21>0, AQ21/AR21, 0) -> 0.57142857 | AT21: =AR21-AQ21 -> 15 | AU21: =IF(AR21>0, INT(AS21*10000000) + (AQ21*1000) + (100-ROW()), -1) -> 5734364 | AV21: =SUMIF(TableData[J9], A21, TableData[J_K]) -> 141 | AW21: =SUMIF(TableData[J9], A21, TableData[J_D]) -> 67 | AX21: =SUMIF(TableData[J9], A21, TableData[J_A]) -> 60 | AY21: =IF(AR21>0, (AV21+AX21)/MAX(1, AW21), 0) -> 3 | AZ21: =IF(AR21>0, AY21*10000 + (100-ROW()), -1) -> 30079 | CD21: =CD14 -> Kale (7V - 4D) | CE21: =CE14 -> 0.63636364 | CF21: =IF(CD21="", 0, 1-CE21) -> 0.36363636 | CJ21: =CJ14 -> Trunks Jeune (20V - 15D) | CK21: =CK14 -> 0.57142857 | CL21: =IF(CJ21="", 0, 1-CK21) -> 0.42857143 | DP21: =DP14 -> Vegeta 4 (0.3) | DQ21: =DQ14 -> 3.0588235 | DV21: =DV14 -> Zamasu (0.3) | DW21: =DW14 -> 3.36
A22: =IF(PARAMETRES!A14="", 0, PARAMETRES!A14) -> Toppo | B22: =IF(A22=0, 0, COUNTIFS(TableData[Résultat], "VICTOIRE", TableData[Xhelo], A22) + COUNTIFS(TableData[Résultat], "VICTOIRE", TableData[J9], A22)) -> 0 | C22: =IF(A22=0, 0, COUNTIF(TableData[Xhelo], A22) + COUNTIF(TableData[J9], A22)) -> 0 | D22: =IF(C22>0, B22/C22, 0) -> 0 | E22: =IF(C22>0, INT(D22*10000000) + (B22*1000) + (100-ROW()), -1) -> -1 | F22: =IF(A22=0, 0, PARAMETRES!B14) -> Attaquant | J22: =J13 -> Cooler (18V - 8D) | K22: =K13 -> 0.69230769 | L22: =IF(J22="", 0, 1-K22) -> 0.30769231 | N22: =IF(DATA!L14="", "", DATA!L14) -> Broly + Gotenks | O22: =IF(N22="", "", IF(COUNTIF(N$10:N22, N22)=1, ROW(), "")) | P22: =IFERROR(SMALL(O$10:O$500, 13), "") | R22: Kale + Cooler | S22: =IF(R22=0, 0, COUNTIFS(TableData[Résultat], "VICTOIRE", TableData[DUO], R22)) -> 2 | T22: =IF(R22=0, 0, COUNTIF(TableData[DUO], R22)) -> 3 | U22: =IF(T22>0, S22/T22, 0) -> 0.66666667 | V22: =IF(T22>0, INT(U22*10000000) + (S22*1000) + (10000-ROW()), -1) -> 6678644 | Y22: =T22-S22 -> 1 | AC22: =AC13 -> Bardock + Vegito (22V - 3D) | AD22: =AD13 -> 0.88 | AE22: =IF(AC22="", 0, 1-AD22) -> 0.12 | AF22: =IF(A22=0, 0, COUNTIFS(TableData[Résultat], "VICTOIRE", TableData[Xhelo], A22)) -> 0 | AG22: =IF(A22=0, 0, COUNTIF(TableData[Xhelo], A22)) -> 0 | AH22: =IF(AG22>0, AF22/AG22, 0) -> 0 | AI22: =AG22-AF22 -> 0 | AJ22: =IF(AG22>0, INT(AH22*10000000) + (AF22*1000) + (100-ROW()), -1) -> -1 | AK22: =SUMIF(TableData[Xhelo], A22, TableData[X_K]) -> 0 | AL22: =SUMIF(TableData[Xhelo], A22, TableData[X_D]) -> 0 | AM22: =SUMIF(TableData[Xhelo], A22, TableData[X_A]) -> 0 | AN22: =IF(AG22>0, (AK22+AM22)/MAX(1, AL22), 0) -> 0 | AO22: =IF(AG22>0, AN22*10000 + (100-ROW()), -1) -> -1 | AQ22: =IF(A22=0, 0, COUNTIFS(TableData[Résultat], "VICTOIRE", TableData[J9], A22)) -> 0 | AR22: =IF(A22=0, 0, COUNTIF(TableData[J9], A22)) -> 0 | AS22: =IF(AR22>0, AQ22/AR22, 0) -> 0 | AT22: =AR22-AQ22 -> 0 | AU22: =IF(AR22>0, INT(AS22*10000000) + (AQ22*1000) + (100-ROW()), -1) -> -1 | AV22: =SUMIF(TableData[J9], A22, TableData[J_K]) -> 0 | AW22: =SUMIF(TableData[J9], A22, TableData[J_D]) -> 0 | AX22: =SUMIF(TableData[J9], A22, TableData[J_A]) -> 0 | AY22: =IF(AR22>0, (AV22+AX22)/MAX(1, AW22), 0) -> 0 | AZ22: =IF(AR22>0, AY22*10000 + (100-ROW()), -1) -> -1 | CD22: =CD13 -> Cell (4V - 2D) | CE22: =CE13 -> 0.66666667 | CF22: =IF(CD22="", 0, 1-CE22) -> 0.33333333 | CJ22: =CJ13 -> Cooler (14V - 8D) | CK22: =CK13 -> 0.63636364 | CL22: =IF(CJ22="", 0, 1-CK22) -> 0.36363636 | DP22: =DP13 -> Kale (0.4) | DQ22: =DQ13 -> 3.5151515 | DV22: =DV13 -> Vegeta 4 (0.3) | DW22: =DW13 -> 3.4090909
A23: =IF(PARAMETRES!A15="", 0, PARAMETRES!A15) -> Vegito | B23: =IF(A23=0, 0, COUNTIFS(TableData[Résultat], "VICTOIRE", TableData[Xhelo], A23) + COUNTIFS(TableData[Résultat], "VICTOIRE", TableData[J9], A23)) -> 24 | C23: =IF(A23=0, 0, COUNTIF(TableData[Xhelo], A23) + COUNTIF(TableData[J9], A23)) -> 30 | D23: =IF(C23>0, B23/C23, 0) -> 0.8 | E23: =IF(C23>0, INT(D23*10000000) + (B23*1000) + (100-ROW()), -1) -> 8024077 | F23: =IF(A23=0, 0, PARAMETRES!B15) -> Attaquant | J23: =J12 -> Bardock (24V - 7D) | K23: =K12 -> 0.77419355 | L23: =IF(J23="", 0, 1-K23) -> 0.22580645 | N23: =IF(DATA!L15="", "", DATA!L15) -> Buu + Trunks Jeune | O23: =IF(N23="", "", IF(COUNTIF(N$10:N23, N23)=1, ROW(), "")) | P23: =IFERROR(SMALL(O$10:O$500, 14), "") | R23: Kale + Hit | S23: =IF(R23=0, 0, COUNTIFS(TableData[Résultat], "VICTOIRE", TableData[DUO], R23)) -> 5 | T23: =IF(R23=0, 0, COUNTIF(TableData[DUO], R23)) -> 8 | U23: =IF(T23>0, S23/T23, 0) -> 0.625 | V23: =IF(T23>0, INT(U23*10000000) + (S23*1000) + (10000-ROW()), -1) -> 6264977 | Y23: =T23-S23 -> 3 | AC23: =AC12 -> C18 + Vegeta 4 (1V - 0D) | AD23: =AD12 -> 1 | AE23: =IF(AC23="", 0, 1-AD23) -> 0 | AF23: =IF(A23=0, 0, COUNTIFS(TableData[Résultat], "VICTOIRE", TableData[Xhelo], A23)) -> 0 | AG23: =IF(A23=0, 0, COUNTIF(TableData[Xhelo], A23)) -> 0 | AH23: =IF(AG23>0, AF23/AG23, 0) -> 0 | AI23: =AG23-AF23 -> 0 | AJ23: =IF(AG23>0, INT(AH23*10000000) + (AF23*1000) + (100-ROW()), -1) -> -1 | AK23: =SUMIF(TableData[Xhelo], A23, TableData[X_K]) -> 0 | AL23: =SUMIF(TableData[Xhelo], A23, TableData[X_D]) -> 0 | AM23: =SUMIF(TableData[Xhelo], A23, TableData[X_A]) -> 0 | AN23: =IF(AG23>0, (AK23+AM23)/MAX(1, AL23), 0) -> 0 | AO23: =IF(AG23>0, AN23*10000 + (100-ROW()), -1) -> -1 | AQ23: =IF(A23=0, 0, COUNTIFS(TableData[Résultat], "VICTOIRE", TableData[J9], A23)) -> 24 | AR23: =IF(A23=0, 0, COUNTIF(TableData[J9], A23)) -> 30 | AS23: =IF(AR23>0, AQ23/AR23, 0) -> 0.8 | AT23: =AR23-AQ23 -> 6 | AU23: =IF(AR23>0, INT(AS23*10000000) + (AQ23*1000) + (100-ROW()), -1) -> 8024077 | AV23: =SUMIF(TableData[J9], A23, TableData[J_K]) -> 204 | AW23: =SUMIF(TableData[J9], A23, TableData[J_D]) -> 55 | AX23: =SUMIF(TableData[J9], A23, TableData[J_A]) -> 120 | AY23: =IF(AR23>0, (AV23+AX23)/MAX(1, AW23), 0) -> 5.8909091 | AZ23: =IF(AR23>0, AY23*10000 + (100-ROW()), -1) -> 58986.091 | CD23: =CD12 -> Bardock (24V - 7D) | CE23: =CE12 -> 0.77419355 | CF23: =IF(CD23="", 0, 1-CE23) -> 0.22580645 | CJ23: =CJ12 -> Hit (13V - 7D) | CK23: =CK12 -> 0.65 | CL23: =IF(CJ23="", 0, 1-CK23) -> 0.35 | DP23: =DP12 -> Cooler (0.4) | DQ23: =DQ12 -> 3.8888889 | DV23: =DV12 -> Hit (0.4) | DW23: =DW12 -> 4.4473684
A24: =IF(PARAMETRES!A16="", 0, PARAMETRES!A16) -> Vegeta Sayen | B24: =IF(A24=0, 0, COUNTIFS(TableData[Résultat], "VICTOIRE", TableData[Xhelo], A24) + COUNTIFS(TableData[Résultat], "VICTOIRE", TableData[J9], A24)) -> 0 | C24: =IF(A24=0, 0, COUNTIF(TableData[Xhelo], A24) + COUNTIF(TableData[J9], A24)) -> 0 | D24: =IF(C24>0, B24/C24, 0) -> 0 | E24: =IF(C24>0, INT(D24*10000000) + (B24*1000) + (100-ROW()), -1) -> -1 | F24: =IF(A24=0, 0, PARAMETRES!B16) -> Défenseur | J24: =J11 -> Vegito (24V - 0,225806451612903D) | K24: =K11 -> 0.8 | L24: =IF(J24="", 0, 1-K24) -> 0.2 | N24: =IF(DATA!L16="", "", DATA!L16) -> Buu + Trunks Jeune | O24: =IF(N24="", "", IF(COUNTIF(N$10:N24, N24)=1, ROW(), "")) | P24: =IFERROR(SMALL(O$10:O$500, 15), "") | R24: Broly + Hit | S24: =IF(R24=0, 0, COUNTIFS(TableData[Résultat], "VICTOIRE", TableData[DUO], R24)) -> 8 | T24: =IF(R24=0, 0, COUNTIF(TableData[DUO], R24)) -> 11 | U24: =IF(T24>0, S24/T24, 0) -> 0.72727273 | V24: =IF(T24>0, INT(U24*10000000) + (S24*1000) + (10000-ROW()), -1) -> 7290703 | Y24: =T24-S24 -> 3 | AC24: =AC11 -> Cooler + Trunks Jeune (4V - 0D) | AD24: =AD11 -> 1 | AE24: =IF(AC24="", 0, 1-AD24) -> 0 | AF24: =IF(A24=0, 0, COUNTIFS(TableData[Résultat], "VICTOIRE", TableData[Xhelo], A24)) -> 0 | AG24: =IF(A24=0, 0, COUNTIF(TableData[Xhelo], A24)) -> 0 | AH24: =IF(AG24>0, AF24/AG24, 0) -> 0 | AI24: =AG24-AF24 -> 0 | AJ24: =IF(AG24>0, INT(AH24*10000000) + (AF24*1000) + (100-ROW()), -1) -> -1 | AK24: =SUMIF(TableData[Xhelo], A24, TableData[X_K]) -> 0 | AL24: =SUMIF(TableData[Xhelo], A24, TableData[X_D]) -> 0 | AM24: =SUMIF(TableData[Xhelo], A24, TableData[X_A]) -> 0 | AN24: =IF(AG24>0, (AK24+AM24)/MAX(1, AL24), 0) -> 0 | AO24: =IF(AG24>0, AN24*10000 + (100-ROW()), -1) -> -1 | AQ24: =IF(A24=0, 0, COUNTIFS(TableData[Résultat], "VICTOIRE", TableData[J9], A24)) -> 0 | AR24: =IF(A24=0, 0, COUNTIF(TableData[J9], A24)) -> 0 | AS24: =IF(AR24>0, AQ24/AR24, 0) -> 0 | AT24: =AR24-AQ24 -> 0 | AU24: =IF(AR24>0, INT(AS24*10000000) + (AQ24*1000) + (100-ROW()), -1) -> -1 | AV24: =SUMIF(TableData[J9], A24, TableData[J_K]) -> 0 | AW24: =SUMIF(TableData[J9], A24, TableData[J_D]) -> 0 | AX24: =SUMIF(TableData[J9], A24, TableData[J_A]) -> 0 | AY24: =IF(AR24>0, (AV24+AX24)/MAX(1, AW24), 0) -> 0 | AZ24: =IF(AR24>0, AY24*10000 + (100-ROW()), -1) -> -1 | CD24: =CD11 -> Son Goku Super Sayen (6V - 1D) | CE24: =CE11 -> 0.85714286 | CF24: =IF(CD24="", 0, 1-CE24) -> 0.14285714 | CJ24: =CJ11 -> Zamasu (9V - 4D) | CK24: =CK11 -> 0.69230769 | CL24: =IF(CJ24="", 0, 1-CK24) -> 0.30769231 | DP24: =DP11 -> Piccolo (0.5) | DQ24: =DQ11 -> 4.6666667 | DV24: =DV11 -> Vegito (0.6) | DW24: =DW11 -> 5.8909091
A25: =IF(PARAMETRES!A17="", 0, PARAMETRES!A17) -> Zamasu | B25: =IF(A25=0, 0, COUNTIFS(TableData[Résultat], "VICTOIRE", TableData[Xhelo], A25) + COUNTIFS(TableData[Résultat], "VICTOIRE", TableData[J9], A25)) -> 9 | C25: =IF(A25=0, 0, COUNTIF(TableData[Xhelo], A25) + COUNTIF(TableData[J9], A25)) -> 13 | D25: =IF(C25>0, B25/C25, 0) -> 0.69230769 | E25: =IF(C25>0, INT(D25*10000000) + (B25*1000) + (100-ROW()), -1) -> 6932151 | F25: =IF(A25=0, 0, PARAMETRES!B17) -> Défenseur | J25: =J10 -> Son Goku Super Sayen (6V - 1D) | K25: =K10 -> 0.85714286 | L25: =IF(J25="", 0, 1-K25) -> 0.14285714 | N25: =IF(DATA!L17="", "", DATA!L17) -> Broly + Gotenks | O25: =IF(N25="", "", IF(COUNTIF(N$10:N25, N25)=1, ROW(), "")) | P25: =IFERROR(SMALL(O$10:O$500, 16), "") | R25: Broly + Zamasu | S25: =IF(R25=0, 0, COUNTIFS(TableData[Résultat], "VICTOIRE", TableData[DUO], R25)) -> 9 | T25: =IF(R25=0, 0, COUNTIF(TableData[DUO], R25)) -> 13 | U25: =IF(T25>0, S25/T25, 0) -> 0.69230769 | V25: =IF(T25>0, INT(U25*10000000) + (S25*1000) + (10000-ROW()), -1) -> 6942051 | Y25: =T25-S25 -> 4 | AC25: =AC10 -> Son Goku Super Sayen + Cooler (5V - 0D) | AD25: =AD10 -> 1 | AE25: =IF(AC25="", 0, 1-AD25) -> 0 | AF25: =IF(A25=0, 0, COUNTIFS(TableData[Résultat], "VICTOIRE", TableData[Xhelo], A25)) -> 0 | AG25: =IF(A25=0, 0, COUNTIF(TableData[Xhelo], A25)) -> 0 | AH25: =IF(AG25>0, AF25/AG25, 0) -> 0 | AI25: =AG25-AF25 -> 0 | AJ25: =IF(AG25>0, INT(AH25*10000000) + (AF25*1000) + (100-ROW()), -1) -> -1 | AK25: =SUMIF(TableData[Xhelo], A25, TableData[X_K]) -> 0 | AL25: =SUMIF(TableData[Xhelo], A25, TableData[X_D]) -> 0 | AM25: =SUMIF(TableData[Xhelo], A25, TableData[X_A]) -> 0 | AN25: =IF(AG25>0, (AK25+AM25)/MAX(1, AL25), 0) -> 0 | AO25: =IF(AG25>0, AN25*10000 + (100-ROW()), -1) -> -1 | AQ25: =IF(A25=0, 0, COUNTIFS(TableData[Résultat], "VICTOIRE", TableData[J9], A25)) -> 9 | AR25: =IF(A25=0, 0, COUNTIF(TableData[J9], A25)) -> 13 | AS25: =IF(AR25>0, AQ25/AR25, 0) -> 0.69230769 | AT25: =AR25-AQ25 -> 4 | AU25: =IF(AR25>0, INT(AS25*10000000) + (AQ25*1000) + (100-ROW()), -1) -> 6932151 | AV25: =SUMIF(TableData[J9], A25, TableData[J_K]) -> 29 | AW25: =SUMIF(TableData[J9], A25, TableData[J_D]) -> 25 | AX25: =SUMIF(TableData[J9], A25, TableData[J_A]) -> 55 | AY25: =IF(AR25>0, (AV25+AX25)/MAX(1, AW25), 0) -> 3.36 | AZ25: =IF(AR25>0, AY25*10000 + (100-ROW()), -1) -> 33675 | CD25: =CD10 -> Cooler (4V - 0D) | CE25: =CE10 -> 1 | CF25: =IF(CD25="", 0, 1-CE25) -> 0 | CJ25: =CJ10 -> Vegito (24V - 6D) | CK25: =CK10 -> 0.8 | CL25: =IF(CJ25="", 0, 1-CK25) -> 0.2 | DP25: =DP10 -> Bardock (0.5) | DQ25: =DQ10 -> 5.2653061 | DV25: =DV10 -> Kefla (0.6) | DW25: =DW10 -> 6
A26: =IF(PARAMETRES!A18="", 0, PARAMETRES!A18) -> Baby Juvénile | B26: =IF(A26=0, 0, COUNTIFS(TableData[Résultat], "VICTOIRE", TableData[Xhelo], A26) + COUNTIFS(TableData[Résultat], "VICTOIRE", TableData[J9], A26)) -> 0 | C26: =IF(A26=0, 0, COUNTIF(TableData[Xhelo], A26) + COUNTIF(TableData[J9], A26)) -> 0 | D26: =IF(C26>0, B26/C26, 0) -> 0 | E26: =IF(C26>0, INT(D26*10000000) + (B26*1000) + (100-ROW()), -1) -> -1 | F26: =IF(A26=0, 0, PARAMETRES!B18) -> Défenseur | L26: =C26-B26 -> 0 | N26: =IF(DATA!L18="", "", DATA!L18) -> Broly + Gotenks | O26: =IF(N26="", "", IF(COUNTIF(N$10:N26, N26)=1, ROW(), "")) | P26: =IFERROR(SMALL(O$10:O$500, 17), "") | R26: son Goku + Trunks Jeune | S26: =IF(R26=0, 0, COUNTIFS(TableData[Résultat], "VICTOIRE", TableData[DUO], R26)) -> 0 | T26: =IF(R26=0, 0, COUNTIF(TableData[DUO], R26)) -> 1 | U26: =IF(T26>0, S26/T26, 0) -> 0 | V26: =IF(T26>0, INT(U26*10000000) + (S26*1000) + (10000-ROW()), -1) -> 9974 | Y26: =T26-S26 -> 1 | AF26: =IF(A26=0, 0, COUNTIFS(TableData[Résultat], "VICTOIRE", TableData[Xhelo], A26)) -> 0 | AG26: =IF(A26=0, 0, COUNTIF(TableData[Xhelo], A26)) -> 0 | AH26: =IF(AG26>0, AF26/AG26, 0) -> 0 | AI26: =AG26-AF26 -> 0 | AJ26: =IF(AG26>0, INT(AH26*10000000) + (AF26*1000) + (100-ROW()), -1) -> -1 | AK26: =SUMIF(TableData[Xhelo], A26, TableData[X_K]) -> 0 | AL26: =SUMIF(TableData[Xhelo], A26, TableData[X_D]) -> 0 | AM26: =SUMIF(TableData[Xhelo], A26, TableData[X_A]) -> 0 | AN26: =IF(AG26>0, (AK26+AM26)/MAX(1, AL26), 0) -> 0 | AO26: =IF(AG26>0, AN26*10000 + (100-ROW()), -1) -> -1 | AQ26: =IF(A26=0, 0, COUNTIFS(TableData[Résultat], "VICTOIRE", TableData[J9], A26)) -> 0 | AR26: =IF(A26=0, 0, COUNTIF(TableData[J9], A26)) -> 0 | AS26: =IF(AR26>0, AQ26/AR26, 0) -> 0 | AT26: =AR26-AQ26 -> 0 | AU26: =IF(AR26>0, INT(AS26*10000000) + (AQ26*1000) + (100-ROW()), -1) -> -1 | AV26: =SUMIF(TableData[J9], A26, TableData[J_K]) -> 0 | AW26: =SUMIF(TableData[J9], A26, TableData[J_D]) -> 0 | AX26: =SUMIF(TableData[J9], A26, TableData[J_A]) -> 0 | AY26: =IF(AR26>0, (AV26+AX26)/MAX(1, AW26), 0) -> 0 | AZ26: =IF(AR26>0, AY26*10000 + (100-ROW()), -1) -> -1
A27: =IF(PARAMETRES!A19="", 0, PARAMETRES!A19) -> Caulifla Sayen 2 | B27: =IF(A27=0, 0, COUNTIFS(TableData[Résultat], "VICTOIRE", TableData[Xhelo], A27) + COUNTIFS(TableData[Résultat], "VICTOIRE", TableData[J9], A27)) -> 0 | C27: =IF(A27=0, 0, COUNTIF(TableData[Xhelo], A27) + COUNTIF(TableData[J9], A27)) -> 0 | D27: =IF(C27>0, B27/C27, 0) -> 0 | E27: =IF(C27>0, INT(D27*10000000) + (B27*1000) + (100-ROW()), -1) -> -1 | F27: =IF(A27=0, 0, PARAMETRES!B19) -> Défenseur | L27: =C27-B27 -> 0 | N27: =IF(DATA!L19="", "", DATA!L19) -> Buu + Trunks Jeune | O27: =IF(N27="", "", IF(COUNTIF(N$10:N27, N27)=1, ROW(), "")) | P27: =IFERROR(SMALL(O$10:O$500, 18), "") | R27: Bardock + Trunks Jeune | S27: =IF(R27=0, 0, COUNTIFS(TableData[Résultat], "VICTOIRE", TableData[DUO], R27)) -> 0 | T27: =IF(R27=0, 0, COUNTIF(TableData[DUO], R27)) -> 1 | U27: =IF(T27>0, S27/T27, 0) -> 0 | V27: =IF(T27>0, INT(U27*10000000) + (S27*1000) + (10000-ROW()), -1) -> 9973 | Y27: =T27-S27 -> 1 | AF27: =IF(A27=0, 0, COUNTIFS(TableData[Résultat], "VICTOIRE", TableData[Xhelo], A27)) -> 0 | AG27: =IF(A27=0, 0, COUNTIF(TableData[Xhelo], A27)) -> 0 | AH27: =IF(AG27>0, AF27/AG27, 0) -> 0 | AI27: =AG27-AF27 -> 0 | AJ27: =IF(AG27>0, INT(AH27*10000000) + (AF27*1000) + (100-ROW()), -1) -> -1 | AK27: =SUMIF(TableData[Xhelo], A27, TableData[X_K]) -> 0 | AL27: =SUMIF(TableData[Xhelo], A27, TableData[X_D]) -> 0 | AM27: =SUMIF(TableData[Xhelo], A27, TableData[X_A]) -> 0 | AN27: =IF(AG27>0, (AK27+AM27)/MAX(1, AL27), 0) -> 0 | AO27: =IF(AG27>0, AN27*10000 + (100-ROW()), -1) -> -1 | AQ27: =IF(A27=0, 0, COUNTIFS(TableData[Résultat], "VICTOIRE", TableData[J9], A27)) -> 0 | AR27: =IF(A27=0, 0, COUNTIF(TableData[J9], A27)) -> 0 | AS27: =IF(AR27>0, AQ27/AR27, 0) -> 0 | AT27: =AR27-AQ27 -> 0 | AU27: =IF(AR27>0, INT(AS27*10000000) + (AQ27*1000) + (100-ROW()), -1) -> -1 | AV27: =SUMIF(TableData[J9], A27, TableData[J_K]) -> 0 | AW27: =SUMIF(TableData[J9], A27, TableData[J_D]) -> 0 | AX27: =SUMIF(TableData[J9], A27, TableData[J_A]) -> 0 | AY27: =IF(AR27>0, (AV27+AX27)/MAX(1, AW27), 0) -> 0 | AZ27: =IF(AR27>0, AY27*10000 + (100-ROW()), -1) -> -1
A28: =IF(PARAMETRES!A20="", 0, PARAMETRES!A20) -> Cooler | B28: =IF(A28=0, 0, COUNTIFS(TableData[Résultat], "VICTOIRE", TableData[Xhelo], A28) + COUNTIFS(TableData[Résultat], "VICTOIRE", TableData[J9], A28)) -> 18 | C28: =IF(A28=0, 0, COUNTIF(TableData[Xhelo], A28) + COUNTIF(TableData[J9], A28)) -> 26 | D28: =IF(C28>0, B28/C28, 0) -> 0.69230769 | E28: =IF(C28>0, INT(D28*10000000) + (B28*1000) + (100-ROW()), -1) -> 6941148 | F28: =IF(A28=0, 0, PARAMETRES!B20) -> Défenseur | L28: =C28-B28 -> 8 | N28: =IF(DATA!L20="", "", DATA!L20) -> Buu + Cooler | O28: =IF(N28="", "", IF(COUNTIF(N$10:N28, N28)=1, ROW(), "")) -> 28 | P28: =IFERROR(SMALL(O$10:O$500, 19), "") | R28: C18 + Vegeta 4 | S28: =IF(R28=0, 0, COUNTIFS(TableData[Résultat], "VICTOIRE", TableData[DUO], R28)) -> 1 | T28: =IF(R28=0, 0, COUNTIF(TableData[DUO], R28)) -> 1 | U28: =IF(T28>0, S28/T28, 0) -> 1 | V28: =IF(T28>0, INT(U28*10000000) + (S28*1000) + (10000-ROW()), -1) -> 10010972 | Y28: =T28-S28 -> 0 | AF28: =IF(A28=0, 0, COUNTIFS(TableData[Résultat], "VICTOIRE", TableData[Xhelo], A28)) -> 4 | AG28: =IF(A28=0, 0, COUNTIF(TableData[Xhelo], A28)) -> 4 | AH28: =IF(AG28>0, AF28/AG28, 0) -> 1 | AI28: =AG28-AF28 -> 0 | AJ28: =IF(AG28>0, INT(AH28*10000000) + (AF28*1000) + (100-ROW()), -1) -> 10004072 | AK28: =SUMIF(TableData[Xhelo], A28, TableData[X_K]) -> 11 | AL28: =SUMIF(TableData[Xhelo], A28, TableData[X_D]) -> 9 | AM28: =SUMIF(TableData[Xhelo], A28, TableData[X_A]) -> 24 | AN28: =IF(AG28>0, (AK28+AM28)/MAX(1, AL28), 0) -> 3.8888889 | AO28: =IF(AG28>0, AN28*10000 + (100-ROW()), -1) -> 38960.889 | AQ28: =IF(A28=0, 0, COUNTIFS(TableData[Résultat], "VICTOIRE", TableData[J9], A28)) -> 14 | AR28: =IF(A28=0, 0, COUNTIF(TableData[J9], A28)) -> 22 | AS28: =IF(AR28>0, AQ28/AR28, 0) -> 0.63636364 | AT28: =AR28-AQ28 -> 8 | AU28: =IF(AR28>0, INT(AS28*10000000) + (AQ28*1000) + (100-ROW()), -1) -> 6377708 | AV28: =SUMIF(TableData[J9], A28, TableData[J_K]) -> 58 | AW28: =SUMIF(TableData[J9], A28, TableData[J_D]) -> 64 | AX28: =SUMIF(TableData[J9], A28, TableData[J_A]) -> 127 | AY28: =IF(AR28>0, (AV28+AX28)/MAX(1, AW28), 0) -> 2.890625 | AZ28: =IF(AR28>0, AY28*10000 + (100-ROW()), -1) -> 28978.25
A29: =IF(PARAMETRES!A21="", 0, PARAMETRES!A21) -> Cell | B29: =IF(A29=0, 0, COUNTIFS(TableData[Résultat], "VICTOIRE", TableData[Xhelo], A29) + COUNTIFS(TableData[Résultat], "VICTOIRE", TableData[J9], A29)) -> 4 | C29: =IF(A29=0, 0, COUNTIF(TableData[Xhelo], A29) + COUNTIF(TableData[J9], A29)) -> 6 | D29: =IF(C29>0, B29/C29, 0) -> 0.66666667 | E29: =IF(C29>0, INT(D29*10000000) + (B29*1000) + (100-ROW()), -1) -> 6670737 | F29: =IF(A29=0, 0, PARAMETRES!B21) -> Défenseur | L29: =C29-B29 -> 2 | N29: =IF(DATA!L21="", "", DATA!L21) -> Broly + Gotenks | O29: =IF(N29="", "", IF(COUNTIF(N$10:N29, N29)=1, ROW(), "")) | P29: =IFERROR(SMALL(O$10:O$500, 20), "") | R29: C18 + Ultimate Gohan | S29: =IF(R29=0, 0, COUNTIFS(TableData[Résultat], "VICTOIRE", TableData[DUO], R29)) -> 0 | T29: =IF(R29=0, 0, COUNTIF(TableData[DUO], R29)) -> 1 | U29: =IF(T29>0, S29/T29, 0) -> 0 | V29: =IF(T29>0, INT(U29*10000000) + (S29*1000) + (10000-ROW()), -1) -> 9971 | Y29: =T29-S29 -> 1 | AF29: =IF(A29=0, 0, COUNTIFS(TableData[Résultat], "VICTOIRE", TableData[Xhelo], A29)) -> 4 | AG29: =IF(A29=0, 0, COUNTIF(TableData[Xhelo], A29)) -> 6 | AH29: =IF(AG29>0, AF29/AG29, 0) -> 0.66666667 | AI29: =AG29-AF29 -> 2 | AJ29: =IF(AG29>0, INT(AH29*10000000) + (AF29*1000) + (100-ROW()), -1) -> 6670737 | AK29: =SUMIF(TableData[Xhelo], A29, TableData[X_K]) -> 15 | AL29: =SUMIF(TableData[Xhelo], A29, TableData[X_D]) -> 11 | AM29: =SUMIF(TableData[Xhelo], A29, TableData[X_A]) -> 13 | AN29: =IF(AG29>0, (AK29+AM29)/MAX(1, AL29), 0) -> 2.5454545 | AO29: =IF(AG29>0, AN29*10000 + (100-ROW()), -1) -> 25525.545 | AQ29: =IF(A29=0, 0, COUNTIFS(TableData[Résultat], "VICTOIRE", TableData[J9], A29)) -> 0 | AR29: =IF(A29=0, 0, COUNTIF(TableData[J9], A29)) -> 0 | AS29: =IF(AR29>0, AQ29/AR29, 0) -> 0 | AT29: =AR29-AQ29 -> 0 | AU29: =IF(AR29>0, INT(AS29*10000000) + (AQ29*1000) + (100-ROW()), -1) -> -1 | AV29: =SUMIF(TableData[J9], A29, TableData[J_K]) -> 0 | AW29: =SUMIF(TableData[J9], A29, TableData[J_D]) -> 0 | AX29: =SUMIF(TableData[J9], A29, TableData[J_A]) -> 0 | AY29: =IF(AR29>0, (AV29+AX29)/MAX(1, AW29), 0) -> 0 | AZ29: =IF(AR29>0, AY29*10000 + (100-ROW()), -1) -> -1
A30: =IF(PARAMETRES!A22="", 0, PARAMETRES!A22) -> Vegeta 4 | B30: =IF(A30=0, 0, COUNTIFS(TableData[Résultat], "VICTOIRE", TableData[Xhelo], A30) + COUNTIFS(TableData[Résultat], "VICTOIRE", TableData[J9], A30)) -> 7 | C30: =IF(A30=0, 0, COUNTIF(TableData[Xhelo], A30) + COUNTIF(TableData[J9], A30)) -> 15 | D30: =IF(C30>0, B30/C30, 0) -> 0.46666667 | E30: =IF(C30>0, INT(D30*10000000) + (B30*1000) + (100-ROW()), -1) -> 4673736 | F30: =IF(A30=0, 0, PARAMETRES!B22) -> Défenseur | L30: =C30-B30 -> 8 | N30: =IF(DATA!L22="", "", DATA!L22) -> Broly + Gotenks | O30: =IF(N30="", "", IF(COUNTIF(N$10:N30, N30)=1, ROW(), "")) | P30: =IFERROR(SMALL(O$10:O$500, 21), "") | R30: Vegeta 4 + Vegito | S30: =IF(R30=0, 0, COUNTIFS(TableData[Résultat], "VICTOIRE", TableData[DUO], R30)) -> 2 | T30: =IF(R30=0, 0, COUNTIF(TableData[DUO], R30)) -> 5 | U30: =IF(T30>0, S30/T30, 0) -> 0.4 | V30: =IF(T30>0, INT(U30*10000000) + (S30*1000) + (10000-ROW()), -1) -> 4011970 | Y30: =T30-S30 -> 3 | AF30: =IF(A30=0, 0, COUNTIFS(TableData[Résultat], "VICTOIRE", TableData[Xhelo], A30)) -> 3 | AG30: =IF(A30=0, 0, COUNTIF(TableData[Xhelo], A30)) -> 7 | AH30: =IF(AG30>0, AF30/AG30, 0) -> 0.42857143 | AI30: =AG30-AF30 -> 4 | AJ30: =IF(AG30>0, INT(AH30*10000000) + (AF30*1000) + (100-ROW()), -1) -> 4288784 | AK30: =SUMIF(TableData[Xhelo], A30, TableData[X_K]) -> 18 | AL30: =SUMIF(TableData[Xhelo], A30, TableData[X_D]) -> 17 | AM30: =SUMIF(TableData[Xhelo], A30, TableData[X_A]) -> 34 | AN30: =IF(AG30>0, (AK30+AM30)/MAX(1, AL30), 0) -> 3.0588235 | AO30: =IF(AG30>0, AN30*10000 + (100-ROW()), -1) -> 30658.235 | AQ30: =IF(A30=0, 0, COUNTIFS(TableData[Résultat], "VICTOIRE", TableData[J9], A30)) -> 4 | AR30: =IF(A30=0, 0, COUNTIF(TableData[J9], A30)) -> 8 | AS30: =IF(AR30>0, AQ30/AR30, 0) -> 0.5 | AT30: =AR30-AQ30 -> 4 | AU30: =IF(AR30>0, INT(AS30*10000000) + (AQ30*1000) + (100-ROW()), -1) -> 5004070 | AV30: =SUMIF(TableData[J9], A30, TableData[J_K]) -> 24 | AW30: =SUMIF(TableData[J9], A30, TableData[J_D]) -> 22 | AX30: =SUMIF(TableData[J9], A30, TableData[J_A]) -> 51 | AY30: =IF(AR30>0, (AV30+AX30)/MAX(1, AW30), 0) -> 3.4090909 | AZ30: =IF(AR30>0, AY30*10000 + (100-ROW()), -1) -> 34160.909
A31: =IF(PARAMETRES!A23="", 0, PARAMETRES!A23) -> Buu | B31: =IF(A31=0, 0, COUNTIFS(TableData[Résultat], "VICTOIRE", TableData[Xhelo], A31) + COUNTIFS(TableData[Résultat], "VICTOIRE", TableData[J9], A31)) -> 7 | C31: =IF(A31=0, 0, COUNTIF(TableData[Xhelo], A31) + COUNTIF(TableData[J9], A31)) -> 14 | D31: =IF(C31>0, B31/C31, 0) -> 0.5 | E31: =IF(C31>0, INT(D31*10000000) + (B31*1000) + (100-ROW()), -1) -> 5007069 | F31: =IF(A31=0, 0, PARAMETRES!B23) -> Soutien | L31: =C31-B31 -> 7 | N31: =IF(DATA!L23="", "", DATA!L23) -> Buu + Trunks Jeune | O31: =IF(N31="", "", IF(COUNTIF(N$10:N31, N31)=1, ROW(), "")) | P31: =IFERROR(SMALL(O$10:O$500, 22), "") | R31: Bardock + Vegito | S31: =IF(R31=0, 0, COUNTIFS(TableData[Résultat], "VICTOIRE", TableData[DUO], R31)) -> 22 | T31: =IF(R31=0, 0, COUNTIF(TableData[DUO], R31)) -> 25 | U31: =IF(T31>0, S31/T31, 0) -> 0.88 | V31: =IF(T31>0, INT(U31*10000000) + (S31*1000) + (10000-ROW()), -1) -> 8831969 | Y31: =T31-S31 -> 3 | AF31: =IF(A31=0, 0, COUNTIFS(TableData[Résultat], "VICTOIRE", TableData[Xhelo], A31)) -> 7 | AG31: =IF(A31=0, 0, COUNTIF(TableData[Xhelo], A31)) -> 14 | AH31: =IF(AG31>0, AF31/AG31, 0) -> 0.5 | AI31: =AG31-AF31 -> 7 | AJ31: =IF(AG31>0, INT(AH31*10000000) + (AF31*1000) + (100-ROW()), -1) -> 5007069 | AK31: =SUMIF(TableData[Xhelo], A31, TableData[X_K]) -> 6 | AL31: =SUMIF(TableData[Xhelo], A31, TableData[X_D]) -> 17 | AM31: =SUMIF(TableData[Xhelo], A31, TableData[X_A]) -> 41 | AN31: =IF(AG31>0, (AK31+AM31)/MAX(1, AL31), 0) -> 2.7647059 | AO31: =IF(AG31>0, AN31*10000 + (100-ROW()), -1) -> 27716.059 | AQ31: =IF(A31=0, 0, COUNTIFS(TableData[Résultat], "VICTOIRE", TableData[J9], A31)) -> 0 | AR31: =IF(A31=0, 0, COUNTIF(TableData[J9], A31)) -> 0 | AS31: =IF(AR31>0, AQ31/AR31, 0) -> 0 | AT31: =AR31-AQ31 -> 0 | AU31: =IF(AR31>0, INT(AS31*10000000) + (AQ31*1000) + (100-ROW()), -1) -> -1 | AV31: =SUMIF(TableData[J9], A31, TableData[J_K]) -> 0 | AW31: =SUMIF(TableData[J9], A31, TableData[J_D]) -> 0 | AX31: =SUMIF(TableData[J9], A31, TableData[J_A]) -> 0 | AY31: =IF(AR31>0, (AV31+AX31)/MAX(1, AW31), 0) -> 0 | AZ31: =IF(AR31>0, AY31*10000 + (100-ROW()), -1) -> -1
A32: =IF(PARAMETRES!A24="", 0, PARAMETRES!A24) -> Krillin | B32: =IF(A32=0, 0, COUNTIFS(TableData[Résultat], "VICTOIRE", TableData[Xhelo], A32) + COUNTIFS(TableData[Résultat], "VICTOIRE", TableData[J9], A32)) -> 0 | C32: =IF(A32=0, 0, COUNTIF(TableData[Xhelo], A32) + COUNTIF(TableData[J9], A32)) -> 0 | D32: =IF(C32>0, B32/C32, 0) -> 0 | E32: =IF(C32>0, INT(D32*10000000) + (B32*1000) + (100-ROW()), -1) -> -1 | F32: =IF(A32=0, 0, PARAMETRES!B24) -> Soutien | L32: =C32-B32 -> 0 | N32: =IF(DATA!L24="", "", DATA!L24) -> Buu + Trunks Jeune | O32: =IF(N32="", "", IF(COUNTIF(N$10:N32, N32)=1, ROW(), "")) | P32: =IFERROR(SMALL(O$10:O$500, 23), "") | R32: =IF(P32="", 0, INDEX(N$10:N$500, P32-9)) -> 0 | S32: =IF(R32=0, 0, COUNTIFS(TableData[Résultat], "VICTOIRE", TableData[DUO], R32)) -> 0 | T32: =IF(R32=0, 0, COUNTIF(TableData[DUO], R32)) -> 0 | U32: =IF(T32>0, S32/T32, 0) -> 0 | V32: =IF(T32>0, INT(U32*10000000) + (S32*1000) + (10000-ROW()), -1) -> -1 | Y32: =T32-S32 -> 0 | AF32: =IF(A32=0, 0, COUNTIFS(TableData[Résultat], "VICTOIRE", TableData[Xhelo], A32)) -> 0 | AG32: =IF(A32=0, 0, COUNTIF(TableData[Xhelo], A32)) -> 0 | AH32: =IF(AG32>0, AF32/AG32, 0) -> 0 | AI32: =AG32-AF32 -> 0 | AJ32: =IF(AG32>0, INT(AH32*10000000) + (AF32*1000) + (100-ROW()), -1) -> -1 | AK32: =SUMIF(TableData[Xhelo], A32, TableData[X_K]) -> 0 | AL32: =SUMIF(TableData[Xhelo], A32, TableData[X_D]) -> 0 | AM32: =SUMIF(TableData[Xhelo], A32, TableData[X_A]) -> 0 | AN32: =IF(AG32>0, (AK32+AM32)/MAX(1, AL32), 0) -> 0 | AO32: =IF(AG32>0, AN32*10000 + (100-ROW()), -1) -> -1 | AQ32: =IF(A32=0, 0, COUNTIFS(TableData[Résultat], "VICTOIRE", TableData[J9], A32)) -> 0 | AR32: =IF(A32=0, 0, COUNTIF(TableData[J9], A32)) -> 0 | AS32: =IF(AR32>0, AQ32/AR32, 0) -> 0 | AT32: =AR32-AQ32 -> 0 | AU32: =IF(AR32>0, INT(AS32*10000000) + (AQ32*1000) + (100-ROW()), -1) -> -1 | AV32: =SUMIF(TableData[J9], A32, TableData[J_K]) -> 0 | AW32: =SUMIF(TableData[J9], A32, TableData[J_D]) -> 0 | AX32: =SUMIF(TableData[J9], A32, TableData[J_A]) -> 0 | AY32: =IF(AR32>0, (AV32+AX32)/MAX(1, AW32), 0) -> 0 | AZ32: =IF(AR32>0, AY32*10000 + (100-ROW()), -1) -> -1
A33: =IF(PARAMETRES!A25="", 0, PARAMETRES!A25) -> Son Gohan Petit | B33: =IF(A33=0, 0, COUNTIFS(TableData[Résultat], "VICTOIRE", TableData[Xhelo], A33) + COUNTIFS(TableData[Résultat], "VICTOIRE", TableData[J9], A33)) -> 0 | C33: =IF(A33=0, 0, COUNTIF(TableData[Xhelo], A33) + COUNTIF(TableData[J9], A33)) -> 0 | D33: =IF(C33>0, B33/C33, 0) -> 0 | E33: =IF(C33>0, INT(D33*10000000) + (B33*1000) + (100-ROW()), -1) -> -1 | F33: =IF(A33=0, 0, PARAMETRES!B25) -> Soutien | L33: =C33-B33 -> 0 | N33: =IF(DATA!L25="", "", DATA!L25) -> Broly + Gotenks | O33: =IF(N33="", "", IF(COUNTIF(N$10:N33, N33)=1, ROW(), "")) | P33: =IFERROR(SMALL(O$10:O$500, 24), "") | R33: =IF(P33="", 0, INDEX(N$10:N$500, P33-9)) -> 0 | S33: =IF(R33=0, 0, COUNTIFS(TableData[Résultat], "VICTOIRE", TableData[DUO], R33)) -> 0 | T33: =IF(R33=0, 0, COUNTIF(TableData[DUO], R33)) -> 0 | U33: =IF(T33>0, S33/T33, 0) -> 0 | V33: =IF(T33>0, INT(U33*10000000) + (S33*1000) + (10000-ROW()), -1) -> -1 | Y33: =T33-S33 -> 0 | AF33: =IF(A33=0, 0, COUNTIFS(TableData[Résultat], "VICTOIRE", TableData[Xhelo], A33)) -> 0 | AG33: =IF(A33=0, 0, COUNTIF(TableData[Xhelo], A33)) -> 0 | AH33: =IF(AG33>0, AF33/AG33, 0) -> 0 | AI33: =AG33-AF33 -> 0 | AJ33: =IF(AG33>0, INT(AH33*10000000) + (AF33*1000) + (100-ROW()), -1) -> -1 | AK33: =SUMIF(TableData[Xhelo], A33, TableData[X_K]) -> 0 | AL33: =SUMIF(TableData[Xhelo], A33, TableData[X_D]) -> 0 | AM33: =SUMIF(TableData[Xhelo], A33, TableData[X_A]) -> 0 | AN33: =IF(AG33>0, (AK33+AM33)/MAX(1, AL33), 0) -> 0 | AO33: =IF(AG33>0, AN33*10000 + (100-ROW()), -1) -> -1 | AQ33: =IF(A33=0, 0, COUNTIFS(TableData[Résultat], "VICTOIRE", TableData[J9], A33)) -> 0 | AR33: =IF(A33=0, 0, COUNTIF(TableData[J9], A33)) -> 0 | AS33: =IF(AR33>0, AQ33/AR33, 0) -> 0 | AT33: =AR33-AQ33 -> 0 | AU33: =IF(AR33>0, INT(AS33*10000000) + (AQ33*1000) + (100-ROW()), -1) -> -1 | AV33: =SUMIF(TableData[J9], A33, TableData[J_K]) -> 0 | AW33: =SUMIF(TableData[J9], A33, TableData[J_D]) -> 0 | AX33: =SUMIF(TableData[J9], A33, TableData[J_A]) -> 0 | AY33: =IF(AR33>0, (AV33+AX33)/MAX(1, AW33), 0) -> 0 | AZ33: =IF(AR33>0, AY33*10000 + (100-ROW()), -1) -> -1
A34: =IF(PARAMETRES!A26="", 0, PARAMETRES!A26) -> Frieza 1 | B34: =IF(A34=0, 0, COUNTIFS(TableData[Résultat], "VICTOIRE", TableData[Xhelo], A34) + COUNTIFS(TableData[Résultat], "VICTOIRE", TableData[J9], A34)) -> 0 | C34: =IF(A34=0, 0, COUNTIF(TableData[Xhelo], A34) + COUNTIF(TableData[J9], A34)) -> 0 | D34: =IF(C34>0, B34/C34, 0) -> 0 | E34: =IF(C34>0, INT(D34*10000000) + (B34*1000) + (100-ROW()), -1) -> -1 | F34: =IF(A34=0, 0, PARAMETRES!B26) -> Soutien | L34: =C34-B34 -> 0 | N34: =IF(DATA!L26="", "", DATA!L26) -> Broly + Gotenks | O34: =IF(N34="", "", IF(COUNTIF(N$10:N34, N34)=1, ROW(), "")) | P34: =IFERROR(SMALL(O$10:O$500, 25), "") | R34: =IF(P34="", 0, INDEX(N$10:N$500, P34-9)) -> 0 | S34: =IF(R34=0, 0, COUNTIFS(TableData[Résultat], "VICTOIRE", TableData[DUO], R34)) -> 0 | T34: =IF(R34=0, 0, COUNTIF(TableData[DUO], R34)) -> 0 | U34: =IF(T34>0, S34/T34, 0) -> 0 | V34: =IF(T34>0, INT(U34*10000000) + (S34*1000) + (10000-ROW()), -1) -> -1 | Y34: =T34-S34 -> 0 | AF34: =IF(A34=0, 0, COUNTIFS(TableData[Résultat], "VICTOIRE", TableData[Xhelo], A34)) -> 0 | AG34: =IF(A34=0, 0, COUNTIF(TableData[Xhelo], A34)) -> 0 | AH34: =IF(AG34>0, AF34/AG34, 0) -> 0 | AI34: =AG34-AF34 -> 0 | AJ34: =IF(AG34>0, INT(AH34*10000000) + (AF34*1000) + (100-ROW()), -1) -> -1 | AK34: =SUMIF(TableData[Xhelo], A34, TableData[X_K]) -> 0 | AL34: =SUMIF(TableData[Xhelo], A34, TableData[X_D]) -> 0 | AM34: =SUMIF(TableData[Xhelo], A34, TableData[X_A]) -> 0 | AN34: =IF(AG34>0, (AK34+AM34)/MAX(1, AL34), 0) -> 0 | AO34: =IF(AG34>0, AN34*10000 + (100-ROW()), -1) -> -1 | AQ34: =IF(A34=0, 0, COUNTIFS(TableData[Résultat], "VICTOIRE", TableData[J9], A34)) -> 0 | AR34: =IF(A34=0, 0, COUNTIF(TableData[J9], A34)) -> 0 | AS34: =IF(AR34>0, AQ34/AR34, 0) -> 0 | AT34: =AR34-AQ34 -> 0 | AU34: =IF(AR34>0, INT(AS34*10000000) + (AQ34*1000) + (100-ROW()), -1) -> -1 | AV34: =SUMIF(TableData[J9], A34, TableData[J_K]) -> 0 | AW34: =SUMIF(TableData[J9], A34, TableData[J_D]) -> 0 | AX34: =SUMIF(TableData[J9], A34, TableData[J_A]) -> 0 | AY34: =IF(AR34>0, (AV34+AX34)/MAX(1, AW34), 0) -> 0 | AZ34: =IF(AR34>0, AY34*10000 + (100-ROW()), -1) -> -1
A35: =IF(PARAMETRES!A27="", 0, PARAMETRES!A27) -> C-17 | B35: =IF(A35=0, 0, COUNTIFS(TableData[Résultat], "VICTOIRE", TableData[Xhelo], A35) + COUNTIFS(TableData[Résultat], "VICTOIRE", TableData[J9], A35)) -> 0 | C35: =IF(A35=0, 0, COUNTIF(TableData[Xhelo], A35) + COUNTIF(TableData[J9], A35)) -> 0 | D35: =IF(C35>0, B35/C35, 0) -> 0 | E35: =IF(C35>0, INT(D35*10000000) + (B35*1000) + (100-ROW()), -1) -> -1 | F35: =IF(A35=0, 0, PARAMETRES!B27) -> Soutien | L35: =C35-B35 -> 0 | N35: =IF(DATA!L27="", "", DATA!L27) -> Vegeta 4 + Trunks Jeune | O35: =IF(N35="", "", IF(COUNTIF(N$10:N35, N35)=1, ROW(), "")) | P35: =IFERROR(SMALL(O$10:O$500, 26), "") | R35: =IF(P35="", 0, INDEX(N$10:N$500, P35-9)) -> 0 | S35: =IF(R35=0, 0, COUNTIFS(TableData[Résultat], "VICTOIRE", TableData[DUO], R35)) -> 0 | T35: =IF(R35=0, 0, COUNTIF(TableData[DUO], R35)) -> 0 | U35: =IF(T35>0, S35/T35, 0) -> 0 | V35: =IF(T35>0, INT(U35*10000000) + (S35*1000) + (10000-ROW()), -1) -> -1 | Y35: =T35-S35 -> 0 | AF35: =IF(A35=0, 0, COUNTIFS(TableData[Résultat], "VICTOIRE", TableData[Xhelo], A35)) -> 0 | AG35: =IF(A35=0, 0, COUNTIF(TableData[Xhelo], A35)) -> 0 | AH35: =IF(AG35>0, AF35/AG35, 0) -> 0 | AI35: =AG35-AF35 -> 0 | AJ35: =IF(AG35>0, INT(AH35*10000000) + (AF35*1000) + (100-ROW()), -1) -> -1 | AK35: =SUMIF(TableData[Xhelo], A35, TableData[X_K]) -> 0 | AL35: =SUMIF(TableData[Xhelo], A35, TableData[X_D]) -> 0 | AM35: =SUMIF(TableData[Xhelo], A35, TableData[X_A]) -> 0 | AN35: =IF(AG35>0, (AK35+AM35)/MAX(1, AL35), 0) -> 0 | AO35: =IF(AG35>0, AN35*10000 + (100-ROW()), -1) -> -1 | AQ35: =IF(A35=0, 0, COUNTIFS(TableData[Résultat], "VICTOIRE", TableData[J9], A35)) -> 0 | AR35: =IF(A35=0, 0, COUNTIF(TableData[J9], A35)) -> 0 | AS35: =IF(AR35>0, AQ35/AR35, 0) -> 0 | AT35: =AR35-AQ35 -> 0 | AU35: =IF(AR35>0, INT(AS35*10000000) + (AQ35*1000) + (100-ROW()), -1) -> -1 | AV35: =SUMIF(TableData[J9], A35, TableData[J_K]) -> 0 | AW35: =SUMIF(TableData[J9], A35, TableData[J_D]) -> 0 | AX35: =SUMIF(TableData[J9], A35, TableData[J_A]) -> 0 | AY35: =IF(AR35>0, (AV35+AX35)/MAX(1, AW35), 0) -> 0 | AZ35: =IF(AR35>0, AY35*10000 + (100-ROW()), -1) -> -1
A36: =IF(PARAMETRES!A28="", 0, PARAMETRES!A28) -> Gotenks | B36: =IF(A36=0, 0, COUNTIFS(TableData[Résultat], "VICTOIRE", TableData[Xhelo], A36) + COUNTIFS(TableData[Résultat], "VICTOIRE", TableData[J9], A36)) -> 12 | C36: =IF(A36=0, 0, COUNTIF(TableData[Xhelo], A36) + COUNTIF(TableData[J9], A36)) -> 21 | D36: =IF(C36>0, B36/C36, 0) -> 0.57142857 | E36: =IF(C36>0, INT(D36*10000000) + (B36*1000) + (100-ROW()), -1) -> 5726349 | F36: =IF(A36=0, 0, PARAMETRES!B28) -> Soutien | L36: =C36-B36 -> 9 | N36: =IF(DATA!L28="", "", DATA!L28) -> Buu + Trunks Jeune | O36: =IF(N36="", "", IF(COUNTIF(N$10:N36, N36)=1, ROW(), "")) | P36: =IFERROR(SMALL(O$10:O$500, 27), "") | R36: =IF(P36="", 0, INDEX(N$10:N$500, P36-9)) -> 0 | S36: =IF(R36=0, 0, COUNTIFS(TableData[Résultat], "VICTOIRE", TableData[DUO], R36)) -> 0 | T36: =IF(R36=0, 0, COUNTIF(TableData[DUO], R36)) -> 0 | U36: =IF(T36>0, S36/T36, 0) -> 0 | V36: =IF(T36>0, INT(U36*10000000) + (S36*1000) + (10000-ROW()), -1) -> -1 | Y36: =T36-S36 -> 0 | AF36: =IF(A36=0, 0, COUNTIFS(TableData[Résultat], "VICTOIRE", TableData[Xhelo], A36)) -> 0 | AG36: =IF(A36=0, 0, COUNTIF(TableData[Xhelo], A36)) -> 0 | AH36: =IF(AG36>0, AF36/AG36, 0) -> 0 | AI36: =AG36-AF36 -> 0 | AJ36: =IF(AG36>0, INT(AH36*10000000) + (AF36*1000) + (100-ROW()), -1) -> -1 | AK36: =SUMIF(TableData[Xhelo], A36, TableData[X_K]) -> 0 | AL36: =SUMIF(TableData[Xhelo], A36, TableData[X_D]) -> 0 | AM36: =SUMIF(TableData[Xhelo], A36, TableData[X_A]) -> 0 | AN36: =IF(AG36>0, (AK36+AM36)/MAX(1, AL36), 0) -> 0 | AO36: =IF(AG36>0, AN36*10000 + (100-ROW()), -1) -> -1 | AQ36: =IF(A36=0, 0, COUNTIFS(TableData[Résultat], "VICTOIRE", TableData[J9], A36)) -> 12 | AR36: =IF(A36=0, 0, COUNTIF(TableData[J9], A36)) -> 21 | AS36: =IF(AR36>0, AQ36/AR36, 0) -> 0.57142857 | AT36: =AR36-AQ36 -> 9 | AU36: =IF(AR36>0, INT(AS36*10000000) + (AQ36*1000) + (100-ROW()), -1) -> 5726349 | AV36: =SUMIF(TableData[J9], A36, TableData[J_K]) -> 28 | AW36: =SUMIF(TableData[J9], A36, TableData[J_D]) -> 31 | AX36: =SUMIF(TableData[J9], A36, TableData[J_A]) -> 62 | AY36: =IF(AR36>0, (AV36+AX36)/MAX(1, AW36), 0) -> 2.9032258 | AZ36: =IF(AR36>0, AY36*10000 + (100-ROW()), -1) -> 29096.258
A37: =IF(PARAMETRES!A29="", 0, PARAMETRES!A29) -> Hit | B37: =IF(A37=0, 0, COUNTIFS(TableData[Résultat], "VICTOIRE", TableData[Xhelo], A37) + COUNTIFS(TableData[Résultat], "VICTOIRE", TableData[J9], A37)) -> 13 | C37: =IF(A37=0, 0, COUNTIF(TableData[Xhelo], A37) + COUNTIF(TableData[J9], A37)) -> 20 | D37: =IF(C37>0, B37/C37, 0) -> 0.65 | E37: =IF(C37>0, INT(D37*10000000) + (B37*1000) + (100-ROW()), -1) -> 6513063 | F37: =IF(A37=0, 0, PARAMETRES!B29) -> Soutien | L37: =C37-B37 -> 7 | N37: =IF(DATA!L29="", "", DATA!L29) -> Broly + Cooler | O37: =IF(N37="", "", IF(COUNTIF(N$10:N37, N37)=1, ROW(), "")) | P37: =IFERROR(SMALL(O$10:O$500, 28), "") | R37: =IF(P37="", 0, INDEX(N$10:N$500, P37-9)) -> 0 | S37: =IF(R37=0, 0, COUNTIFS(TableData[Résultat], "VICTOIRE", TableData[DUO], R37)) -> 0 | T37: =IF(R37=0, 0, COUNTIF(TableData[DUO], R37)) -> 0 | U37: =IF(T37>0, S37/T37, 0) -> 0 | V37: =IF(T37>0, INT(U37*10000000) + (S37*1000) + (10000-ROW()), -1) -> -1 | Y37: =T37-S37 -> 0 | AF37: =IF(A37=0, 0, COUNTIFS(TableData[Résultat], "VICTOIRE", TableData[Xhelo], A37)) -> 0 | AG37: =IF(A37=0, 0, COUNTIF(TableData[Xhelo], A37)) -> 0 | AH37: =IF(AG37>0, AF37/AG37, 0) -> 0 | AI37: =AG37-AF37 -> 0 | AJ37: =IF(AG37>0, INT(AH37*10000000) + (AF37*1000) + (100-ROW()), -1) -> -1 | AK37: =SUMIF(TableData[Xhelo], A37, TableData[X_K]) -> 0 | AL37: =SUMIF(TableData[Xhelo], A37, TableData[X_D]) -> 0 | AM37: =SUMIF(TableData[Xhelo], A37, TableData[X_A]) -> 0 | AN37: =IF(AG37>0, (AK37+AM37)/MAX(1, AL37), 0) -> 0 | AO37: =IF(AG37>0, AN37*10000 + (100-ROW()), -1) -> -1 | AQ37: =IF(A37=0, 0, COUNTIFS(TableData[Résultat], "VICTOIRE", TableData[J9], A37)) -> 13 | AR37: =IF(A37=0, 0, COUNTIF(TableData[J9], A37)) -> 20 | AS37: =IF(AR37>0, AQ37/AR37, 0) -> 0.65 | AT37: =AR37-AQ37 -> 7 | AU37: =IF(AR37>0, INT(AS37*10000000) + (AQ37*1000) + (100-ROW()), -1) -> 6513063 | AV37: =SUMIF(TableData[J9], A37, TableData[J_K]) -> 67 | AW37: =SUMIF(TableData[J9], A37, TableData[J_D]) -> 38 | AX37: =SUMIF(TableData[J9], A37, TableData[J_A]) -> 102 | AY37: =IF(AR37>0, (AV37+AX37)/MAX(1, AW37), 0) -> 4.4473684 | AZ37: =IF(AR37>0, AY37*10000 + (100-ROW()), -1) -> 44536.684
A38: =IF(PARAMETRES!A30="", 0, PARAMETRES!A30) -> Ultimate Gohan | B38: =IF(A38=0, 0, COUNTIFS(TableData[Résultat], "VICTOIRE", TableData[Xhelo], A38) + COUNTIFS(TableData[Résultat], "VICTOIRE", TableData[J9], A38)) -> 7 | C38: =IF(A38=0, 0, COUNTIF(TableData[Xhelo], A38) + COUNTIF(TableData[J9], A38)) -> 16 | D38: =IF(C38>0, B38/C38, 0) -> 0.4375 | E38: =IF(C38>0, INT(D38*10000000) + (B38*1000) + (100-ROW()), -1) -> 4382062 | F38: =IF(A38=0, 0, PARAMETRES!B30) -> Soutien | L38: =C38-B38 -> 9 | N38: =IF(DATA!L30="", "", DATA!L30) -> Broly + Gotenks | O38: =IF(N38="", "", IF(COUNTIF(N$10:N38, N38)=1, ROW(), "")) | P38: =IFERROR(SMALL(O$10:O$500, 29), "") | R38: =IF(P38="", 0, INDEX(N$10:N$500, P38-9)) -> 0 | S38: =IF(R38=0, 0, COUNTIFS(TableData[Résultat], "VICTOIRE", TableData[DUO], R38)) -> 0 | T38: =IF(R38=0, 0, COUNTIF(TableData[DUO], R38)) -> 0 | U38: =IF(T38>0, S38/T38, 0) -> 0 | V38: =IF(T38>0, INT(U38*10000000) + (S38*1000) + (10000-ROW()), -1) -> -1 | Y38: =T38-S38 -> 0 | AF38: =IF(A38=0, 0, COUNTIFS(TableData[Résultat], "VICTOIRE", TableData[Xhelo], A38)) -> 0 | AG38: =IF(A38=0, 0, COUNTIF(TableData[Xhelo], A38)) -> 0 | AH38: =IF(AG38>0, AF38/AG38, 0) -> 0 | AI38: =AG38-AF38 -> 0 | AJ38: =IF(AG38>0, INT(AH38*10000000) + (AF38*1000) + (100-ROW()), -1) -> -1 | AK38: =SUMIF(TableData[Xhelo], A38, TableData[X_K]) -> 0 | AL38: =SUMIF(TableData[Xhelo], A38, TableData[X_D]) -> 0 | AM38: =SUMIF(TableData[Xhelo], A38, TableData[X_A]) -> 0 | AN38: =IF(AG38>0, (AK38+AM38)/MAX(1, AL38), 0) -> 0 | AO38: =IF(AG38>0, AN38*10000 + (100-ROW()), -1) -> -1 | AQ38: =IF(A38=0, 0, COUNTIFS(TableData[Résultat], "VICTOIRE", TableData[J9], A38)) -> 7 | AR38: =IF(A38=0, 0, COUNTIF(TableData[J9], A38)) -> 16 | AS38: =IF(AR38>0, AQ38/AR38, 0) -> 0.4375 | AT38: =AR38-AQ38 -> 9 | AU38: =IF(AR38>0, INT(AS38*10000000) + (AQ38*1000) + (100-ROW()), -1) -> 4382062 | AV38: =SUMIF(TableData[J9], A38, TableData[J_K]) -> 38 | AW38: =SUMIF(TableData[J9], A38, TableData[J_D]) -> 55 | AX38: =SUMIF(TableData[J9], A38, TableData[J_A]) -> 66 | AY38: =IF(AR38>0, (AV38+AX38)/MAX(1, AW38), 0) -> 1.8909091 | AZ38: =IF(AR38>0, AY38*10000 + (100-ROW()), -1) -> 18971.091
A39: =IF(PARAMETRES!A31="", 0, PARAMETRES!A31) -> Gogeta 4 | B39: =IF(A39=0, 0, COUNTIFS(TableData[Résultat], "VICTOIRE", TableData[Xhelo], A39) + COUNTIFS(TableData[Résultat], "VICTOIRE", TableData[J9], A39)) -> 0 | C39: =IF(A39=0, 0, COUNTIF(TableData[Xhelo], A39) + COUNTIF(TableData[J9], A39)) -> 0 | D39: =IF(C39>0, B39/C39, 0) -> 0 | E39: =IF(C39>0, INT(D39*10000000) + (B39*1000) + (100-ROW()), -1) -> -1 | F39: =IF(A39=0, 0, PARAMETRES!B31) -> Attaquant | L39: =C39-B39 -> 0 | N39: =IF(DATA!L31="", "", DATA!L31) -> Cell + Trunks Jeune | O39: =IF(N39="", "", IF(COUNTIF(N$10:N39, N39)=1, ROW(), "")) -> 39 | P39: =IFERROR(SMALL(O$10:O$500, 30), "") | R39: =IF(P39="", 0, INDEX(N$10:N$500, P39-9)) -> 0 | S39: =IF(R39=0, 0, COUNTIFS(TableData[Résultat], "VICTOIRE", TableData[DUO], R39)) -> 0 | T39: =IF(R39=0, 0, COUNTIF(TableData[DUO], R39)) -> 0 | U39: =IF(T39>0, S39/T39, 0) -> 0 | V39: =IF(T39>0, INT(U39*10000000) + (S39*1000) + (10000-ROW()), -1) -> -1 | Y39: =T39-S39 -> 0 | AF39: =IF(A39=0, 0, COUNTIFS(TableData[Résultat], "VICTOIRE", TableData[Xhelo], A39)) -> 0 | AG39: =IF(A39=0, 0, COUNTIF(TableData[Xhelo], A39)) -> 0 | AH39: =IF(AG39>0, AF39/AG39, 0) -> 0 | AI39: =AG39-AF39 -> 0 | AJ39: =IF(AG39>0, INT(AH39*10000000) + (AF39*1000) + (100-ROW()), -1) -> -1 | AK39: =SUMIF(TableData[Xhelo], A39, TableData[X_K]) -> 0 | AL39: =SUMIF(TableData[Xhelo], A39, TableData[X_D]) -> 0 | AM39: =SUMIF(TableData[Xhelo], A39, TableData[X_A]) -> 0 | AN39: =IF(AG39>0, (AK39+AM39)/MAX(1, AL39), 0) -> 0 | AO39: =IF(AG39>0, AN39*10000 + (100-ROW()), -1) -> -1 | AQ39: =IF(A39=0, 0, COUNTIFS(TableData[Résultat], "VICTOIRE", TableData[J9], A39)) -> 0 | AR39: =IF(A39=0, 0, COUNTIF(TableData[J9], A39)) -> 0 | AS39: =IF(AR39>0, AQ39/AR39, 0) -> 0 | AT39: =AR39-AQ39 -> 0 | AU39: =IF(AR39>0, INT(AS39*10000000) + (AQ39*1000) + (100-ROW()), -1) -> -1 | AV39: =SUMIF(TableData[J9], A39, TableData[J_K]) -> 0 | AW39: =SUMIF(TableData[J9], A39, TableData[J_D]) -> 0 | AX39: =SUMIF(TableData[J9], A39, TableData[J_A]) -> 0 | AY39: =IF(AR39>0, (AV39+AX39)/MAX(1, AW39), 0) -> 0 | AZ39: =IF(AR39>0, AY39*10000 + (100-ROW()), -1) -> -1
A40: =IF(PARAMETRES!A32="", 0, PARAMETRES!A32) -> Janemba | B40: =IF(A40=0, 0, COUNTIFS(TableData[Résultat], "VICTOIRE", TableData[Xhelo], A40) + COUNTIFS(TableData[Résultat], "VICTOIRE", TableData[J9], A40)) -> 0 | C40: =IF(A40=0, 0, COUNTIF(TableData[Xhelo], A40) + COUNTIF(TableData[J9], A40)) -> 0 | D40: =IF(C40>0, B40/C40, 0) -> 0 | E40: =IF(C40>0, INT(D40*10000000) + (B40*1000) + (100-ROW()), -1) -> -1 | F40: =IF(A40=0, 0, PARAMETRES!B32) -> Attaquant | L40: =C40-B40 -> 0 | N40: =IF(DATA!L32="", "", DATA!L32) -> Cell + Trunks Jeune | O40: =IF(N40="", "", IF(COUNTIF(N$10:N40, N40)=1, ROW(), "")) | P40: =IFERROR(SMALL(O$10:O$500, 31), "") | R40: =IF(P40="", 0, INDEX(N$10:N$500, P40-9)) -> 0 | S40: =IF(R40=0, 0, COUNTIFS(TableData[Résultat], "VICTOIRE", TableData[DUO], R40)) -> 0 | T40: =IF(R40=0, 0, COUNTIF(TableData[DUO], R40)) -> 0 | U40: =IF(T40>0, S40/T40, 0) -> 0 | V40: =IF(T40>0, INT(U40*10000000) + (S40*1000) + (10000-ROW()), -1) -> -1 | Y40: =T40-S40 -> 0 | AF40: =IF(A40=0, 0, COUNTIFS(TableData[Résultat], "VICTOIRE", TableData[Xhelo], A40)) -> 0 | AG40: =IF(A40=0, 0, COUNTIF(TableData[Xhelo], A40)) -> 0 | AH40: =IF(AG40>0, AF40/AG40, 0) -> 0 | AI40: =AG40-AF40 -> 0 | AJ40: =IF(AG40>0, INT(AH40*10000000) + (AF40*1000) + (100-ROW()), -1) -> -1 | AK40: =SUMIF(TableData[Xhelo], A40, TableData[X_K]) -> 0 | AL40: =SUMIF(TableData[Xhelo], A40, TableData[X_D]) -> 0 | AM40: =SUMIF(TableData[Xhelo], A40, TableData[X_A]) -> 0 | AN40: =IF(AG40>0, (AK40+AM40)/MAX(1, AL40), 0) -> 0 | AO40: =IF(AG40>0, AN40*10000 + (100-ROW()), -1) -> -1 | AQ40: =IF(A40=0, 0, COUNTIFS(TableData[Résultat], "VICTOIRE", TableData[J9], A40)) -> 0 | AR40: =IF(A40=0, 0, COUNTIF(TableData[J9], A40)) -> 0 | AS40: =IF(AR40>0, AQ40/AR40, 0) -> 0 | AT40: =AR40-AQ40 -> 0 | AU40: =IF(AR40>0, INT(AS40*10000000) + (AQ40*1000) + (100-ROW()), -1) -> -1 | AV40: =SUMIF(TableData[J9], A40, TableData[J_K]) -> 0 | AW40: =SUMIF(TableData[J9], A40, TableData[J_D]) -> 0 | AX40: =SUMIF(TableData[J9], A40, TableData[J_A]) -> 0 | AY40: =IF(AR40>0, (AV40+AX40)/MAX(1, AW40), 0) -> 0 | AZ40: =IF(AR40>0, AY40*10000 + (100-ROW()), -1) -> -1
A41: =IF(PARAMETRES!A33="", 0, PARAMETRES!A33) -> Jiren | B41: =IF(A41=0, 0, COUNTIFS(TableData[Résultat], "VICTOIRE", TableData[Xhelo], A41) + COUNTIFS(TableData[Résultat], "VICTOIRE", TableData[J9], A41)) -> 0 | C41: =IF(A41=0, 0, COUNTIF(TableData[Xhelo], A41) + COUNTIF(TableData[J9], A41)) -> 0 | D41: =IF(C41>0, B41/C41, 0) -> 0 | E41: =IF(C41>0, INT(D41*10000000) + (B41*1000) + (100-ROW()), -1) -> -1 | F41: =IF(A41=0, 0, PARAMETRES!B33) -> Attaquant | L41: =C41-B41 -> 0 | N41: =IF(DATA!L33="", "", DATA!L33) -> Broly + Cooler | O41: =IF(N41="", "", IF(COUNTIF(N$10:N41, N41)=1, ROW(), "")) | P41: =IFERROR(SMALL(O$10:O$500, 32), "") | R41: =IF(P41="", 0, INDEX(N$10:N$500, P41-9)) -> 0 | S41: =IF(R41=0, 0, COUNTIFS(TableData[Résultat], "VICTOIRE", TableData[DUO], R41)) -> 0 | T41: =IF(R41=0, 0, COUNTIF(TableData[DUO], R41)) -> 0 | U41: =IF(T41>0, S41/T41, 0) -> 0 | V41: =IF(T41>0, INT(U41*10000000) + (S41*1000) + (10000-ROW()), -1) -> -1 | Y41: =T41-S41 -> 0 | AF41: =IF(A41=0, 0, COUNTIFS(TableData[Résultat], "VICTOIRE", TableData[Xhelo], A41)) -> 0 | AG41: =IF(A41=0, 0, COUNTIF(TableData[Xhelo], A41)) -> 0 | AH41: =IF(AG41>0, AF41/AG41, 0) -> 0 | AI41: =AG41-AF41 -> 0 | AJ41: =IF(AG41>0, INT(AH41*10000000) + (AF41*1000) + (100-ROW()), -1) -> -1 | AK41: =SUMIF(TableData[Xhelo], A41, TableData[X_K]) -> 0 | AL41: =SUMIF(TableData[Xhelo], A41, TableData[X_D]) -> 0 | AM41: =SUMIF(TableData[Xhelo], A41, TableData[X_A]) -> 0 | AN41: =IF(AG41>0, (AK41+AM41)/MAX(1, AL41), 0) -> 0 | AO41: =IF(AG41>0, AN41*10000 + (100-ROW()), -1) -> -1 | AQ41: =IF(A41=0, 0, COUNTIFS(TableData[Résultat], "VICTOIRE", TableData[J9], A41)) -> 0 | AR41: =IF(A41=0, 0, COUNTIF(TableData[J9], A41)) -> 0 | AS41: =IF(AR41>0, AQ41/AR41, 0) -> 0 | AT41: =AR41-AQ41 -> 0 | AU41: =IF(AR41>0, INT(AS41*10000000) + (AQ41*1000) + (100-ROW()), -1) -> -1 | AV41: =SUMIF(TableData[J9], A41, TableData[J_K]) -> 0 | AW41: =SUMIF(TableData[J9], A41, TableData[J_D]) -> 0 | AX41: =SUMIF(TableData[J9], A41, TableData[J_A]) -> 0 | AY41: =IF(AR41>0, (AV41+AX41)/MAX(1, AW41), 0) -> 0 | AZ41: =IF(AR41>0, AY41*10000 + (100-ROW()), -1) -> -1
A42: =IF(PARAMETRES!A34="", 0, PARAMETRES!A34) -> Kefla | B42: =IF(A42=0, 0, COUNTIFS(TableData[Résultat], "VICTOIRE", TableData[Xhelo], A42) + COUNTIFS(TableData[Résultat], "VICTOIRE", TableData[J9], A42)) -> 1 | C42: =IF(A42=0, 0, COUNTIF(TableData[Xhelo], A42) + COUNTIF(TableData[J9], A42)) -> 4 | D42: =IF(C42>0, B42/C42, 0) -> 0.25 | E42: =IF(C42>0, INT(D42*10000000) + (B42*1000) + (100-ROW()), -1) -> 2501058 | F42: =IF(A42=0, 0, PARAMETRES!B34) -> Attaquant | L42: =C42-B42 -> 3 | N42: =IF(DATA!L34="", "", DATA!L34) -> Broly + Gotenks | O42: =IF(N42="", "", IF(COUNTIF(N$10:N42, N42)=1, ROW(), "")) | P42: =IFERROR(SMALL(O$10:O$500, 33), "") | R42: =IF(P42="", 0, INDEX(N$10:N$500, P42-9)) -> 0 | S42: =IF(R42=0, 0, COUNTIFS(TableData[Résultat], "VICTOIRE", TableData[DUO], R42)) -> 0 | T42: =IF(R42=0, 0, COUNTIF(TableData[DUO], R42)) -> 0 | U42: =IF(T42>0, S42/T42, 0) -> 0 | V42: =IF(T42>0, INT(U42*10000000) + (S42*1000) + (10000-ROW()), -1) -> -1 | Y42: =T42-S42 -> 0 | AF42: =IF(A42=0, 0, COUNTIFS(TableData[Résultat], "VICTOIRE", TableData[Xhelo], A42)) -> 0 | AG42: =IF(A42=0, 0, COUNTIF(TableData[Xhelo], A42)) -> 0 | AH42: =IF(AG42>0, AF42/AG42, 0) -> 0 | AI42: =AG42-AF42 -> 0 | AJ42: =IF(AG42>0, INT(AH42*10000000) + (AF42*1000) + (100-ROW()), -1) -> -1 | AK42: =SUMIF(TableData[Xhelo], A42, TableData[X_K]) -> 0 | AL42: =SUMIF(TableData[Xhelo], A42, TableData[X_D]) -> 0 | AM42: =SUMIF(TableData[Xhelo], A42, TableData[X_A]) -> 0 | AN42: =IF(AG42>0, (AK42+AM42)/MAX(1, AL42), 0) -> 0 | AO42: =IF(AG42>0, AN42*10000 + (100-ROW()), -1) -> -1 | AQ42: =IF(A42=0, 0, COUNTIFS(TableData[Résultat], "VICTOIRE", TableData[J9], A42)) -> 1 | AR42: =IF(A42=0, 0, COUNTIF(TableData[J9], A42)) -> 4 | AS42: =IF(AR42>0, AQ42/AR42, 0) -> 0.25 | AT42: =AR42-AQ42 -> 3 | AU42: =IF(AR42>0, INT(AS42*10000000) + (AQ42*1000) + (100-ROW()), -1) -> 2501058 | AV42: =SUMIF(TableData[J9], A42, TableData[J_K]) -> 32 | AW42: =SUMIF(TableData[J9], A42, TableData[J_D]) -> 7 | AX42: =SUMIF(TableData[J9], A42, TableData[J_A]) -> 10 | AY42: =IF(AR42>0, (AV42+AX42)/MAX(1, AW42), 0) -> 6 | AZ42: =IF(AR42>0, AY42*10000 + (100-ROW()), -1) -> 60058
A43: =IF(PARAMETRES!A35="", 0, PARAMETRES!A35) -> Bardock | B43: =IF(A43=0, 0, COUNTIFS(TableData[Résultat], "VICTOIRE", TableData[Xhelo], A43) + COUNTIFS(TableData[Résultat], "VICTOIRE", TableData[J9], A43)) -> 24 | C43: =IF(A43=0, 0, COUNTIF(TableData[Xhelo], A43) + COUNTIF(TableData[J9], A43)) -> 31 | D43: =IF(C43>0, B43/C43, 0) -> 0.77419355 | E43: =IF(C43>0, INT(D43*10000000) + (B43*1000) + (100-ROW()), -1) -> 7765992 | F43: =IF(A43=0, 0, PARAMETRES!B35) -> Défenseur | L43: =C43-B43 -> 7 | N43: =IF(DATA!L35="", "", DATA!L35) -> Cell + Trunks Jeune | O43: =IF(N43="", "", IF(COUNTIF(N$10:N43, N43)=1, ROW(), "")) | P43: =IFERROR(SMALL(O$10:O$500, 34), "") | R43: =IF(P43="", 0, INDEX(N$10:N$500, P43-9)) -> 0 | S43: =IF(R43=0, 0, COUNTIFS(TableData[Résultat], "VICTOIRE", TableData[DUO], R43)) -> 0 | T43: =IF(R43=0, 0, COUNTIF(TableData[DUO], R43)) -> 0 | U43: =IF(T43>0, S43/T43, 0) -> 0 | V43: =IF(T43>0, INT(U43*10000000) + (S43*1000) + (10000-ROW()), -1) -> -1 | Y43: =T43-S43 -> 0 | AF43: =IF(A43=0, 0, COUNTIFS(TableData[Résultat], "VICTOIRE", TableData[Xhelo], A43)) -> 24 | AG43: =IF(A43=0, 0, COUNTIF(TableData[Xhelo], A43)) -> 31 | AH43: =IF(AG43>0, AF43/AG43, 0) -> 0.77419355 | AI43: =AG43-AF43 -> 7 | AJ43: =IF(AG43>0, INT(AH43*10000000) + (AF43*1000) + (100-ROW()), -1) -> 7765992 | AK43: =SUMIF(TableData[Xhelo], A43, TableData[X_K]) -> 65 | AL43: =SUMIF(TableData[Xhelo], A43, TableData[X_D]) -> 49 | AM43: =SUMIF(TableData[Xhelo], A43, TableData[X_A]) -> 193 | AN43: =IF(AG43>0, (AK43+AM43)/MAX(1, AL43), 0) -> 5.2653061 | AO43: =IF(AG43>0, AN43*10000 + (100-ROW()), -1) -> 52710.061 | AQ43: =IF(A43=0, 0, COUNTIFS(TableData[Résultat], "VICTOIRE", TableData[J9], A43)) -> 0 | AR43: =IF(A43=0, 0, COUNTIF(TableData[J9], A43)) -> 0 | AS43: =IF(AR43>0, AQ43/AR43, 0) -> 0 | AT43: =AR43-AQ43 -> 0 | AU43: =IF(AR43>0, INT(AS43*10000000) + (AQ43*1000) + (100-ROW()), -1) -> -1 | AV43: =SUMIF(TableData[J9], A43, TableData[J_K]) -> 0 | AW43: =SUMIF(TableData[J9], A43, TableData[J_D]) -> 0 | AX43: =SUMIF(TableData[J9], A43, TableData[J_A]) -> 0 | AY43: =IF(AR43>0, (AV43+AX43)/MAX(1, AW43), 0) -> 0 | AZ43: =IF(AR43>0, AY43*10000 + (100-ROW()), -1) -> -1
A44: =IF(PARAMETRES!A36="", 0, PARAMETRES!A36) -> 0 | B44: =IF(A44=0, 0, COUNTIFS(TableData[Résultat], "VICTOIRE", TableData[Xhelo], A44) + COUNTIFS(TableData[Résultat], "VICTOIRE", TableData[J9], A44)) -> 0 | C44: =IF(A44=0, 0, COUNTIF(TableData[Xhelo], A44) + COUNTIF(TableData[J9], A44)) -> 0 | D44: =IF(C44>0, B44/C44, 0) -> 0 | E44: =IF(C44>0, INT(D44*10000000) + (B44*1000) + (100-ROW()), -1) -> -1 | F44: =IF(A44=0, 0, PARAMETRES!B36) -> 0 | L44: =C44-B44 -> 0 | N44: =IF(DATA!L36="", "", DATA!L36) -> Cell + Trunks Jeune | O44: =IF(N44="", "", IF(COUNTIF(N$10:N44, N44)=1, ROW(), "")) | P44: =IFERROR(SMALL(O$10:O$500, 35), "") | R44: =IF(P44="", 0, INDEX(N$10:N$500, P44-9)) -> 0 | S44: =IF(R44=0, 0, COUNTIFS(TableData[Résultat], "VICTOIRE", TableData[DUO], R44)) -> 0 | T44: =IF(R44=0, 0, COUNTIF(TableData[DUO], R44)) -> 0 | U44: =IF(T44>0, S44/T44, 0) -> 0 | V44: =IF(T44>0, INT(U44*10000000) + (S44*1000) + (10000-ROW()), -1) -> -1 | Y44: =T44-S44 -> 0 | AF44: =IF(A44=0, 0, COUNTIFS(TableData[Résultat], "VICTOIRE", TableData[Xhelo], A44)) -> 0 | AG44: =IF(A44=0, 0, COUNTIF(TableData[Xhelo], A44)) -> 0 | AH44: =IF(AG44>0, AF44/AG44, 0) -> 0 | AI44: =AG44-AF44 -> 0 | AJ44: =IF(AG44>0, INT(AH44*10000000) + (AF44*1000) + (100-ROW()), -1) -> -1 | AK44: =SUMIF(TableData[Xhelo], A44, TableData[X_K]) -> 0 | AL44: =SUMIF(TableData[Xhelo], A44, TableData[X_D]) -> 0 | AM44: =SUMIF(TableData[Xhelo], A44, TableData[X_A]) -> 0 | AN44: =IF(AG44>0, (AK44+AM44)/MAX(1, AL44), 0) -> 0 | AO44: =IF(AG44>0, AN44*10000 + (100-ROW()), -1) -> -1 | AQ44: =IF(A44=0, 0, COUNTIFS(TableData[Résultat], "VICTOIRE", TableData[J9], A44)) -> 0 | AR44: =IF(A44=0, 0, COUNTIF(TableData[J9], A44)) -> 0 | AS44: =IF(AR44>0, AQ44/AR44, 0) -> 0 | AT44: =AR44-AQ44 -> 0 | AU44: =IF(AR44>0, INT(AS44*10000000) + (AQ44*1000) + (100-ROW()), -1) -> -1 | AV44: =SUMIF(TableData[J9], A44, TableData[J_K]) -> 0 | AW44: =SUMIF(TableData[J9], A44, TableData[J_D]) -> 0 | AX44: =SUMIF(TableData[J9], A44, TableData[J_A]) -> 0 | AY44: =IF(AR44>0, (AV44+AX44)/MAX(1, AW44), 0) -> 0 | AZ44: =IF(AR44>0, AY44*10000 + (100-ROW()), -1) -> -1
A45: =IF(PARAMETRES!A37="", 0, PARAMETRES!A37) -> 0 | B45: =IF(A45=0, 0, COUNTIFS(TableData[Résultat], "VICTOIRE", TableData[Xhelo], A45) + COUNTIFS(TableData[Résultat], "VICTOIRE", TableData[J9], A45)) -> 0 | C45: =IF(A45=0, 0, COUNTIF(TableData[Xhelo], A45) + COUNTIF(TableData[J9], A45)) -> 0 | D45: =IF(C45>0, B45/C45, 0) -> 0 | E45: =IF(C45>0, INT(D45*10000000) + (B45*1000) + (100-ROW()), -1) -> -1 | F45: =IF(A45=0, 0, PARAMETRES!B37) -> 0 | L45: =C45-B45 -> 0 | N45: =IF(DATA!L37="", "", DATA!L37) -> Broly + Trunks Jeune | O45: =IF(N45="", "", IF(COUNTIF(N$10:N45, N45)=1, ROW(), "")) | P45: =IFERROR(SMALL(O$10:O$500, 36), "") | R45: =IF(P45="", 0, INDEX(N$10:N$500, P45-9)) -> 0 | S45: =IF(R45=0, 0, COUNTIFS(TableData[Résultat], "VICTOIRE", TableData[DUO], R45)) -> 0 | T45: =IF(R45=0, 0, COUNTIF(TableData[DUO], R45)) -> 0 | U45: =IF(T45>0, S45/T45, 0) -> 0 | V45: =IF(T45>0, INT(U45*10000000) + (S45*1000) + (10000-ROW()), -1) -> -1 | Y45: =T45-S45 -> 0 | AF45: =IF(A45=0, 0, COUNTIFS(TableData[Résultat], "VICTOIRE", TableData[Xhelo], A45)) -> 0 | AG45: =IF(A45=0, 0, COUNTIF(TableData[Xhelo], A45)) -> 0 | AH45: =IF(AG45>0, AF45/AG45, 0) -> 0 | AI45: =AG45-AF45 -> 0 | AJ45: =IF(AG45>0, INT(AH45*10000000) + (AF45*1000) + (100-ROW()), -1) -> -1 | AK45: =SUMIF(TableData[Xhelo], A45, TableData[X_K]) -> 0 | AL45: =SUMIF(TableData[Xhelo], A45, TableData[X_D]) -> 0 | AM45: =SUMIF(TableData[Xhelo], A45, TableData[X_A]) -> 0 | AN45: =IF(AG45>0, (AK45+AM45)/MAX(1, AL45), 0) -> 0 | AO45: =IF(AG45>0, AN45*10000 + (100-ROW()), -1) -> -1 | AQ45: =IF(A45=0, 0, COUNTIFS(TableData[Résultat], "VICTOIRE", TableData[J9], A45)) -> 0 | AR45: =IF(A45=0, 0, COUNTIF(TableData[J9], A45)) -> 0 | AS45: =IF(AR45>0, AQ45/AR45, 0) -> 0 | AT45: =AR45-AQ45 -> 0 | AU45: =IF(AR45>0, INT(AS45*10000000) + (AQ45*1000) + (100-ROW()), -1) -> -1 | AV45: =SUMIF(TableData[J9], A45, TableData[J_K]) -> 0 | AW45: =SUMIF(TableData[J9], A45, TableData[J_D]) -> 0 | AX45: =SUMIF(TableData[J9], A45, TableData[J_A]) -> 0 | AY45: =IF(AR45>0, (AV45+AX45)/MAX(1, AW45), 0) -> 0 | AZ45: =IF(AR45>0, AY45*10000 + (100-ROW()), -1) -> -1
A46: =IF(PARAMETRES!A38="", 0, PARAMETRES!A38) -> 0 | B46: =IF(A46=0, 0, COUNTIFS(TableData[Résultat], "VICTOIRE", TableData[Xhelo], A46) + COUNTIFS(TableData[Résultat], "VICTOIRE", TableData[J9], A46)) -> 0 | C46: =IF(A46=0, 0, COUNTIF(TableData[Xhelo], A46) + COUNTIF(TableData[J9], A46)) -> 0 | D46: =IF(C46>0, B46/C46, 0) -> 0 | E46: =IF(C46>0, INT(D46*10000000) + (B46*1000) + (100-ROW()), -1) -> -1 | F46: =IF(A46=0, 0, PARAMETRES!B38) -> 0 | L46: =C46-B46 -> 0 | N46: =IF(DATA!L38="", "", DATA!L38) -> Buu + Cooler | O46: =IF(N46="", "", IF(COUNTIF(N$10:N46, N46)=1, ROW(), "")) | P46: =IFERROR(SMALL(O$10:O$500, 37), "") | R46: =IF(P46="", 0, INDEX(N$10:N$500, P46-9)) -> 0 | S46: =IF(R46=0, 0, COUNTIFS(TableData[Résultat], "VICTOIRE", TableData[DUO], R46)) -> 0 | T46: =IF(R46=0, 0, COUNTIF(TableData[DUO], R46)) -> 0 | U46: =IF(T46>0, S46/T46, 0) -> 0 | V46: =IF(T46>0, INT(U46*10000000) + (S46*1000) + (10000-ROW()), -1) -> -1 | Y46: =T46-S46 -> 0 | AF46: =IF(A46=0, 0, COUNTIFS(TableData[Résultat], "VICTOIRE", TableData[Xhelo], A46)) -> 0 | AG46: =IF(A46=0, 0, COUNTIF(TableData[Xhelo], A46)) -> 0 | AH46: =IF(AG46>0, AF46/AG46, 0) -> 0 | AI46: =AG46-AF46 -> 0 | AJ46: =IF(AG46>0, INT(AH46*10000000) + (AF46*1000) + (100-ROW()), -1) -> -1 | AK46: =SUMIF(TableData[Xhelo], A46, TableData[X_K]) -> 0 | AL46: =SUMIF(TableData[Xhelo], A46, TableData[X_D]) -> 0 | AM46: =SUMIF(TableData[Xhelo], A46, TableData[X_A]) -> 0 | AN46: =IF(AG46>0, (AK46+AM46)/MAX(1, AL46), 0) -> 0 | AO46: =IF(AG46>0, AN46*10000 + (100-ROW()), -1) -> -1 | AQ46: =IF(A46=0, 0, COUNTIFS(TableData[Résultat], "VICTOIRE", TableData[J9], A46)) -> 0 | AR46: =IF(A46=0, 0, COUNTIF(TableData[J9], A46)) -> 0 | AS46: =IF(AR46>0, AQ46/AR46, 0) -> 0 | AT46: =AR46-AQ46 -> 0 | AU46: =IF(AR46>0, INT(AS46*10000000) + (AQ46*1000) + (100-ROW()), -1) -> -1 | AV46: =SUMIF(TableData[J9], A46, TableData[J_K]) -> 0 | AW46: =SUMIF(TableData[J9], A46, TableData[J_D]) -> 0 | AX46: =SUMIF(TableData[J9], A46, TableData[J_A]) -> 0 | AY46: =IF(AR46>0, (AV46+AX46)/MAX(1, AW46), 0) -> 0 | AZ46: =IF(AR46>0, AY46*10000 + (100-ROW()), -1) -> -1
A47: =IF(PARAMETRES!A39="", 0, PARAMETRES!A39) -> 0 | B47: =IF(A47=0, 0, COUNTIFS(TableData[Résultat], "VICTOIRE", TableData[Xhelo], A47) + COUNTIFS(TableData[Résultat], "VICTOIRE", TableData[J9], A47)) -> 0 | C47: =IF(A47=0, 0, COUNTIF(TableData[Xhelo], A47) + COUNTIF(TableData[J9], A47)) -> 0 | D47: =IF(C47>0, B47/C47, 0) -> 0 | E47: =IF(C47>0, INT(D47*10000000) + (B47*1000) + (100-ROW()), -1) -> -1 | F47: =IF(A47=0, 0, PARAMETRES!B39) -> 0 | L47: =C47-B47 -> 0 | N47: =IF(DATA!L39="", "", DATA!L39) -> Son Goku Super Sayen + Cooler | O47: =IF(N47="", "", IF(COUNTIF(N$10:N47, N47)=1, ROW(), "")) -> 47 | P47: =IFERROR(SMALL(O$10:O$500, 38), "") | R47: =IF(P47="", 0, INDEX(N$10:N$500, P47-9)) -> 0 | S47: =IF(R47=0, 0, COUNTIFS(TableData[Résultat], "VICTOIRE", TableData[DUO], R47)) -> 0 | T47: =IF(R47=0, 0, COUNTIF(TableData[DUO], R47)) -> 0 | U47: =IF(T47>0, S47/T47, 0) -> 0 | V47: =IF(T47>0, INT(U47*10000000) + (S47*1000) + (10000-ROW()), -1) -> -1 | Y47: =T47-S47 -> 0 | AF47: =IF(A47=0, 0, COUNTIFS(TableData[Résultat], "VICTOIRE", TableData[Xhelo], A47)) -> 0 | AG47: =IF(A47=0, 0, COUNTIF(TableData[Xhelo], A47)) -> 0 | AH47: =IF(AG47>0, AF47/AG47, 0) -> 0 | AI47: =AG47-AF47 -> 0 | AJ47: =IF(AG47>0, INT(AH47*10000000) + (AF47*1000) + (100-ROW()), -1) -> -1 | AK47: =SUMIF(TableData[Xhelo], A47, TableData[X_K]) -> 0 | AL47: =SUMIF(TableData[Xhelo], A47, TableData[X_D]) -> 0 | AM47: =SUMIF(TableData[Xhelo], A47, TableData[X_A]) -> 0 | AN47: =IF(AG47>0, (AK47+AM47)/MAX(1, AL47), 0) -> 0 | AO47: =IF(AG47>0, AN47*10000 + (100-ROW()), -1) -> -1 | AQ47: =IF(A47=0, 0, COUNTIFS(TableData[Résultat], "VICTOIRE", TableData[J9], A47)) -> 0 | AR47: =IF(A47=0, 0, COUNTIF(TableData[J9], A47)) -> 0 | AS47: =IF(AR47>0, AQ47/AR47, 0) -> 0 | AT47: =AR47-AQ47 -> 0 | AU47: =IF(AR47>0, INT(AS47*10000000) + (AQ47*1000) + (100-ROW()), -1) -> -1 | AV47: =SUMIF(TableData[J9], A47, TableData[J_K]) -> 0 | AW47: =SUMIF(TableData[J9], A47, TableData[J_D]) -> 0 | AX47: =SUMIF(TableData[J9], A47, TableData[J_A]) -> 0 | AY47: =IF(AR47>0, (AV47+AX47)/MAX(1, AW47), 0) -> 0 | AZ47: =IF(AR47>0, AY47*10000 + (100-ROW()), -1) -> -1
A48: =IF(PARAMETRES!A40="", 0, PARAMETRES!A40) -> 0 | B48: =IF(A48=0, 0, COUNTIFS(TableData[Résultat], "VICTOIRE", TableData[Xhelo], A48) + COUNTIFS(TableData[Résultat], "VICTOIRE", TableData[J9], A48)) -> 0 | C48: =IF(A48=0, 0, COUNTIF(TableData[Xhelo], A48) + COUNTIF(TableData[J9], A48)) -> 0 | D48: =IF(C48>0, B48/C48, 0) -> 0 | E48: =IF(C48>0, INT(D48*10000000) + (B48*1000) + (100-ROW()), -1) -> -1 | F48: =IF(A48=0, 0, PARAMETRES!B40) -> 0 | L48: =C48-B48 -> 0 | N48: =IF(DATA!L40="", "", DATA!L40) -> Cell + Trunks Jeune | O48: =IF(N48="", "", IF(COUNTIF(N$10:N48, N48)=1, ROW(), "")) | P48: =IFERROR(SMALL(O$10:O$500, 39), "") | R48: =IF(P48="", 0, INDEX(N$10:N$500, P48-9)) -> 0 | S48: =IF(R48=0, 0, COUNTIFS(TableData[Résultat], "VICTOIRE", TableData[DUO], R48)) -> 0 | T48: =IF(R48=0, 0, COUNTIF(TableData[DUO], R48)) -> 0 | U48: =IF(T48>0, S48/T48, 0) -> 0 | V48: =IF(T48>0, INT(U48*10000000) + (S48*1000) + (10000-ROW()), -1) -> -1 | Y48: =T48-S48 -> 0 | AF48: =IF(A48=0, 0, COUNTIFS(TableData[Résultat], "VICTOIRE", TableData[Xhelo], A48)) -> 0 | AG48: =IF(A48=0, 0, COUNTIF(TableData[Xhelo], A48)) -> 0 | AH48: =IF(AG48>0, AF48/AG48, 0) -> 0 | AI48: =AG48-AF48 -> 0 | AJ48: =IF(AG48>0, INT(AH48*10000000) + (AF48*1000) + (100-ROW()), -1) -> -1 | AK48: =SUMIF(TableData[Xhelo], A48, TableData[X_K]) -> 0 | AL48: =SUMIF(TableData[Xhelo], A48, TableData[X_D]) -> 0 | AM48: =SUMIF(TableData[Xhelo], A48, TableData[X_A]) -> 0 | AN48: =IF(AG48>0, (AK48+AM48)/MAX(1, AL48), 0) -> 0 | AO48: =IF(AG48>0, AN48*10000 + (100-ROW()), -1) -> -1 | AQ48: =IF(A48=0, 0, COUNTIFS(TableData[Résultat], "VICTOIRE", TableData[J9], A48)) -> 0 | AR48: =IF(A48=0, 0, COUNTIF(TableData[J9], A48)) -> 0 | AS48: =IF(AR48>0, AQ48/AR48, 0) -> 0 | AT48: =AR48-AQ48 -> 0 | AU48: =IF(AR48>0, INT(AS48*10000000) + (AQ48*1000) + (100-ROW()), -1) -> -1 | AV48: =SUMIF(TableData[J9], A48, TableData[J_K]) -> 0 | AW48: =SUMIF(TableData[J9], A48, TableData[J_D]) -> 0 | AX48: =SUMIF(TableData[J9], A48, TableData[J_A]) -> 0 | AY48: =IF(AR48>0, (AV48+AX48)/MAX(1, AW48), 0) -> 0 | AZ48: =IF(AR48>0, AY48*10000 + (100-ROW()), -1) -> -1
A49: =IF(PARAMETRES!A41="", 0, PARAMETRES!A41) -> 0 | B49: =IF(A49=0, 0, COUNTIFS(TableData[Résultat], "VICTOIRE", TableData[Xhelo], A49) + COUNTIFS(TableData[Résultat], "VICTOIRE", TableData[J9], A49)) -> 0 | C49: =IF(A49=0, 0, COUNTIF(TableData[Xhelo], A49) + COUNTIF(TableData[J9], A49)) -> 0 | D49: =IF(C49>0, B49/C49, 0) -> 0 | E49: =IF(C49>0, INT(D49*10000000) + (B49*1000) + (100-ROW()), -1) -> -1 | F49: =IF(A49=0, 0, PARAMETRES!B41) -> 0 | L49: =C49-B49 -> 0 | N49: =IF(DATA!L41="", "", DATA!L41) -> Cell + Trunks Jeune | O49: =IF(N49="", "", IF(COUNTIF(N$10:N49, N49)=1, ROW(), "")) | P49: =IFERROR(SMALL(O$10:O$500, 40), "") | R49: =IF(P49="", 0, INDEX(N$10:N$500, P49-9)) -> 0 | S49: =IF(R49=0, 0, COUNTIFS(TableData[Résultat], "VICTOIRE", TableData[DUO], R49)) -> 0 | T49: =IF(R49=0, 0, COUNTIF(TableData[DUO], R49)) -> 0 | U49: =IF(T49>0, S49/T49, 0) -> 0 | V49: =IF(T49>0, INT(U49*10000000) + (S49*1000) + (10000-ROW()), -1) -> -1 | Y49: =T49-S49 -> 0 | AF49: =IF(A49=0, 0, COUNTIFS(TableData[Résultat], "VICTOIRE", TableData[Xhelo], A49)) -> 0 | AG49: =IF(A49=0, 0, COUNTIF(TableData[Xhelo], A49)) -> 0 | AH49: =IF(AG49>0, AF49/AG49, 0) -> 0 | AI49: =AG49-AF49 -> 0 | AJ49: =IF(AG49>0, INT(AH49*10000000) + (AF49*1000) + (100-ROW()), -1) -> -1 | AK49: =SUMIF(TableData[Xhelo], A49, TableData[X_K]) -> 0 | AL49: =SUMIF(TableData[Xhelo], A49, TableData[X_D]) -> 0 | AM49: =SUMIF(TableData[Xhelo], A49, TableData[X_A]) -> 0 | AN49: =IF(AG49>0, (AK49+AM49)/MAX(1, AL49), 0) -> 0 | AO49: =IF(AG49>0, AN49*10000 + (100-ROW()), -1) -> -1 | AQ49: =IF(A49=0, 0, COUNTIFS(TableData[Résultat], "VICTOIRE", TableData[J9], A49)) -> 0 | AR49: =IF(A49=0, 0, COUNTIF(TableData[J9], A49)) -> 0 | AS49: =IF(AR49>0, AQ49/AR49, 0) -> 0 | AT49: =AR49-AQ49 -> 0 | AU49: =IF(AR49>0, INT(AS49*10000000) + (AQ49*1000) + (100-ROW()), -1) -> -1 | AV49: =SUMIF(TableData[J9], A49, TableData[J_K]) -> 0 | AW49: =SUMIF(TableData[J9], A49, TableData[J_D]) -> 0 | AX49: =SUMIF(TableData[J9], A49, TableData[J_A]) -> 0 | AY49: =IF(AR49>0, (AV49+AX49)/MAX(1, AW49), 0) -> 0 | AZ49: =IF(AR49>0, AY49*10000 + (100-ROW()), -1) -> -1
A50: =IF(PARAMETRES!A42="", 0, PARAMETRES!A42) -> 0 | B50: =IF(A50=0, 0, COUNTIFS(TableData[Résultat], "VICTOIRE", TableData[Xhelo], A50) + COUNTIFS(TableData[Résultat], "VICTOIRE", TableData[J9], A50)) -> 0 | C50: =IF(A50=0, 0, COUNTIF(TableData[Xhelo], A50) + COUNTIF(TableData[J9], A50)) -> 0 | D50: =IF(C50>0, B50/C50, 0) -> 0 | E50: =IF(C50>0, INT(D50*10000000) + (B50*1000) + (100-ROW()), -1) -> -1 | F50: =IF(A50=0, 0, PARAMETRES!B42) -> 0 | L50: =C50-B50 -> 0 | N50: =IF(DATA!L42="", "", DATA!L42) -> Gotenks + Broly | O50: =IF(N50="", "", IF(COUNTIF(N$10:N50, N50)=1, ROW(), "")) -> 50 | P50: =IFERROR(SMALL(O$10:O$500, 41), "") | R50: =IF(P50="", 0, INDEX(N$10:N$500, P50-9)) -> 0 | S50: =IF(R50=0, 0, COUNTIFS(TableData[Résultat], "VICTOIRE", TableData[DUO], R50)) -> 0 | T50: =IF(R50=0, 0, COUNTIF(TableData[DUO], R50)) -> 0 | U50: =IF(T50>0, S50/T50, 0) -> 0 | V50: =IF(T50>0, INT(U50*10000000) + (S50*1000) + (10000-ROW()), -1) -> -1 | Y50: =T50-S50 -> 0 | AF50: =IF(A50=0, 0, COUNTIFS(TableData[Résultat], "VICTOIRE", TableData[Xhelo], A50)) -> 0 | AG50: =IF(A50=0, 0, COUNTIF(TableData[Xhelo], A50)) -> 0 | AH50: =IF(AG50>0, AF50/AG50, 0) -> 0 | AI50: =AG50-AF50 -> 0 | AJ50: =IF(AG50>0, INT(AH50*10000000) + (AF50*1000) + (100-ROW()), -1) -> -1 | AK50: =SUMIF(TableData[Xhelo], A50, TableData[X_K]) -> 0 | AL50: =SUMIF(TableData[Xhelo], A50, TableData[X_D]) -> 0 | AM50: =SUMIF(TableData[Xhelo], A50, TableData[X_A]) -> 0 | AN50: =IF(AG50>0, (AK50+AM50)/MAX(1, AL50), 0) -> 0 | AO50: =IF(AG50>0, AN50*10000 + (100-ROW()), -1) -> -1 | AQ50: =IF(A50=0, 0, COUNTIFS(TableData[Résultat], "VICTOIRE", TableData[J9], A50)) -> 0 | AR50: =IF(A50=0, 0, COUNTIF(TableData[J9], A50)) -> 0 | AS50: =IF(AR50>0, AQ50/AR50, 0) -> 0 | AT50: =AR50-AQ50 -> 0 | AU50: =IF(AR50>0, INT(AS50*10000000) + (AQ50*1000) + (100-ROW()), -1) -> -1 | AV50: =SUMIF(TableData[J9], A50, TableData[J_K]) -> 0 | AW50: =SUMIF(TableData[J9], A50, TableData[J_D]) -> 0 | AX50: =SUMIF(TableData[J9], A50, TableData[J_A]) -> 0 | AY50: =IF(AR50>0, (AV50+AX50)/MAX(1, AW50), 0) -> 0 | AZ50: =IF(AR50>0, AY50*10000 + (100-ROW()), -1) -> -1
A51: =IF(PARAMETRES!A43="", 0, PARAMETRES!A43) -> 0 | B51: =IF(A51=0, 0, COUNTIFS(TableData[Résultat], "VICTOIRE", TableData[Xhelo], A51) + COUNTIFS(TableData[Résultat], "VICTOIRE", TableData[J9], A51)) -> 0 | C51: =IF(A51=0, 0, COUNTIF(TableData[Xhelo], A51) + COUNTIF(TableData[J9], A51)) -> 0 | D51: =IF(C51>0, B51/C51, 0) -> 0 | E51: =IF(C51>0, INT(D51*10000000) + (B51*1000) + (100-ROW()), -1) -> -1 | F51: =IF(A51=0, 0, PARAMETRES!B43) -> 0 | L51: =C51-B51 -> 0 | N51: =IF(DATA!L43="", "", DATA!L43) -> Broly + Cooler | O51: =IF(N51="", "", IF(COUNTIF(N$10:N51, N51)=1, ROW(), "")) | P51: =IFERROR(SMALL(O$10:O$500, 42), "") | R51: =IF(P51="", 0, INDEX(N$10:N$500, P51-9)) -> 0 | S51: =IF(R51=0, 0, COUNTIFS(TableData[Résultat], "VICTOIRE", TableData[DUO], R51)) -> 0 | T51: =IF(R51=0, 0, COUNTIF(TableData[DUO], R51)) -> 0 | U51: =IF(T51>0, S51/T51, 0) -> 0 | V51: =IF(T51>0, INT(U51*10000000) + (S51*1000) + (10000-ROW()), -1) -> -1 | Y51: =T51-S51 -> 0 | AF51: =IF(A51=0, 0, COUNTIFS(TableData[Résultat], "VICTOIRE", TableData[Xhelo], A51)) -> 0 | AG51: =IF(A51=0, 0, COUNTIF(TableData[Xhelo], A51)) -> 0 | AH51: =IF(AG51>0, AF51/AG51, 0) -> 0 | AI51: =AG51-AF51 -> 0 | AJ51: =IF(AG51>0, INT(AH51*10000000) + (AF51*1000) + (100-ROW()), -1) -> -1 | AK51: =SUMIF(TableData[Xhelo], A51, TableData[X_K]) -> 0 | AL51: =SUMIF(TableData[Xhelo], A51, TableData[X_D]) -> 0 | AM51: =SUMIF(TableData[Xhelo], A51, TableData[X_A]) -> 0 | AN51: =IF(AG51>0, (AK51+AM51)/MAX(1, AL51), 0) -> 0 | AO51: =IF(AG51>0, AN51*10000 + (100-ROW()), -1) -> -1 | AQ51: =IF(A51=0, 0, COUNTIFS(TableData[Résultat], "VICTOIRE", TableData[J9], A51)) -> 0 | AR51: =IF(A51=0, 0, COUNTIF(TableData[J9], A51)) -> 0 | AS51: =IF(AR51>0, AQ51/AR51, 0) -> 0 | AT51: =AR51-AQ51 -> 0 | AU51: =IF(AR51>0, INT(AS51*10000000) + (AQ51*1000) + (100-ROW()), -1) -> -1 | AV51: =SUMIF(TableData[J9], A51, TableData[J_K]) -> 0 | AW51: =SUMIF(TableData[J9], A51, TableData[J_D]) -> 0 | AX51: =SUMIF(TableData[J9], A51, TableData[J_A]) -> 0 | AY51: =IF(AR51>0, (AV51+AX51)/MAX(1, AW51), 0) -> 0 | AZ51: =IF(AR51>0, AY51*10000 + (100-ROW()), -1) -> -1
A52: =IF(PARAMETRES!A44="", 0, PARAMETRES!A44) -> 0 | B52: =IF(A52=0, 0, COUNTIFS(TableData[Résultat], "VICTOIRE", TableData[Xhelo], A52) + COUNTIFS(TableData[Résultat], "VICTOIRE", TableData[J9], A52)) -> 0 | C52: =IF(A52=0, 0, COUNTIF(TableData[Xhelo], A52) + COUNTIF(TableData[J9], A52)) -> 0 | D52: =IF(C52>0, B52/C52, 0) -> 0 | E52: =IF(C52>0, INT(D52*10000000) + (B52*1000) + (100-ROW()), -1) -> -1 | F52: =IF(A52=0, 0, PARAMETRES!B44) -> 0 | L52: =C52-B52 -> 0 | N52: =IF(DATA!L44="", "", DATA!L44) -> Broly + Ultimate Gohan | O52: =IF(N52="", "", IF(COUNTIF(N$10:N52, N52)=1, ROW(), "")) -> 52 | P52: =IFERROR(SMALL(O$10:O$500, 43), "") | R52: =IF(P52="", 0, INDEX(N$10:N$500, P52-9)) -> 0 | S52: =IF(R52=0, 0, COUNTIFS(TableData[Résultat], "VICTOIRE", TableData[DUO], R52)) -> 0 | T52: =IF(R52=0, 0, COUNTIF(TableData[DUO], R52)) -> 0 | U52: =IF(T52>0, S52/T52, 0) -> 0 | V52: =IF(T52>0, INT(U52*10000000) + (S52*1000) + (10000-ROW()), -1) -> -1 | Y52: =T52-S52 -> 0 | AF52: =IF(A52=0, 0, COUNTIFS(TableData[Résultat], "VICTOIRE", TableData[Xhelo], A52)) -> 0 | AG52: =IF(A52=0, 0, COUNTIF(TableData[Xhelo], A52)) -> 0 | AH52: =IF(AG52>0, AF52/AG52, 0) -> 0 | AI52: =AG52-AF52 -> 0 | AJ52: =IF(AG52>0, INT(AH52*10000000) + (AF52*1000) + (100-ROW()), -1) -> -1 | AK52: =SUMIF(TableData[Xhelo], A52, TableData[X_K]) -> 0 | AL52: =SUMIF(TableData[Xhelo], A52, TableData[X_D]) -> 0 | AM52: =SUMIF(TableData[Xhelo], A52, TableData[X_A]) -> 0 | AN52: =IF(AG52>0, (AK52+AM52)/MAX(1, AL52), 0) -> 0 | AO52: =IF(AG52>0, AN52*10000 + (100-ROW()), -1) -> -1 | AQ52: =IF(A52=0, 0, COUNTIFS(TableData[Résultat], "VICTOIRE", TableData[J9], A52)) -> 0 | AR52: =IF(A52=0, 0, COUNTIF(TableData[J9], A52)) -> 0 | AS52: =IF(AR52>0, AQ52/AR52, 0) -> 0 | AT52: =AR52-AQ52 -> 0 | AU52: =IF(AR52>0, INT(AS52*10000000) + (AQ52*1000) + (100-ROW()), -1) -> -1 | AV52: =SUMIF(TableData[J9], A52, TableData[J_K]) -> 0 | AW52: =SUMIF(TableData[J9], A52, TableData[J_D]) -> 0 | AX52: =SUMIF(TableData[J9], A52, TableData[J_A]) -> 0 | AY52: =IF(AR52>0, (AV52+AX52)/MAX(1, AW52), 0) -> 0 | AZ52: =IF(AR52>0, AY52*10000 + (100-ROW()), -1) -> -1
A53: =IF(PARAMETRES!A45="", 0, PARAMETRES!A45) -> 0 | B53: =IF(A53=0, 0, COUNTIFS(TableData[Résultat], "VICTOIRE", TableData[Xhelo], A53) + COUNTIFS(TableData[Résultat], "VICTOIRE", TableData[J9], A53)) -> 0 | C53: =IF(A53=0, 0, COUNTIF(TableData[Xhelo], A53) + COUNTIF(TableData[J9], A53)) -> 0 | D53: =IF(C53>0, B53/C53, 0) -> 0 | E53: =IF(C53>0, INT(D53*10000000) + (B53*1000) + (100-ROW()), -1) -> -1 | F53: =IF(A53=0, 0, PARAMETRES!B45) -> 0 | L53: =C53-B53 -> 0 | N53: =IF(DATA!L45="", "", DATA!L45) -> Cooler + Trunks Jeune | O53: =IF(N53="", "", IF(COUNTIF(N$10:N53, N53)=1, ROW(), "")) -> 53 | P53: =IFERROR(SMALL(O$10:O$500, 44), "") | R53: =IF(P53="", 0, INDEX(N$10:N$500, P53-9)) -> 0 | S53: =IF(R53=0, 0, COUNTIFS(TableData[Résultat], "VICTOIRE", TableData[DUO], R53)) -> 0 | T53: =IF(R53=0, 0, COUNTIF(TableData[DUO], R53)) -> 0 | U53: =IF(T53>0, S53/T53, 0) -> 0 | V53: =IF(T53>0, INT(U53*10000000) + (S53*1000) + (10000-ROW()), -1) -> -1 | Y53: =T53-S53 -> 0 | AF53: =IF(A53=0, 0, COUNTIFS(TableData[Résultat], "VICTOIRE", TableData[Xhelo], A53)) -> 0 | AG53: =IF(A53=0, 0, COUNTIF(TableData[Xhelo], A53)) -> 0 | AH53: =IF(AG53>0, AF53/AG53, 0) -> 0 | AI53: =AG53-AF53 -> 0 | AJ53: =IF(AG53>0, INT(AH53*10000000) + (AF53*1000) + (100-ROW()), -1) -> -1 | AK53: =SUMIF(TableData[Xhelo], A53, TableData[X_K]) -> 0 | AL53: =SUMIF(TableData[Xhelo], A53, TableData[X_D]) -> 0 | AM53: =SUMIF(TableData[Xhelo], A53, TableData[X_A]) -> 0 | AN53: =IF(AG53>0, (AK53+AM53)/MAX(1, AL53), 0) -> 0 | AO53: =IF(AG53>0, AN53*10000 + (100-ROW()), -1) -> -1 | AQ53: =IF(A53=0, 0, COUNTIFS(TableData[Résultat], "VICTOIRE", TableData[J9], A53)) -> 0 | AR53: =IF(A53=0, 0, COUNTIF(TableData[J9], A53)) -> 0 | AS53: =IF(AR53>0, AQ53/AR53, 0) -> 0 | AT53: =AR53-AQ53 -> 0 | AU53: =IF(AR53>0, INT(AS53*10000000) + (AQ53*1000) + (100-ROW()), -1) -> -1 | AV53: =SUMIF(TableData[J9], A53, TableData[J_K]) -> 0 | AW53: =SUMIF(TableData[J9], A53, TableData[J_D]) -> 0 | AX53: =SUMIF(TableData[J9], A53, TableData[J_A]) -> 0 | AY53: =IF(AR53>0, (AV53+AX53)/MAX(1, AW53), 0) -> 0 | AZ53: =IF(AR53>0, AY53*10000 + (100-ROW()), -1) -> -1
A54: =IF(PARAMETRES!A46="", 0, PARAMETRES!A46) -> 0 | B54: =IF(A54=0, 0, COUNTIFS(TableData[Résultat], "VICTOIRE", TableData[Xhelo], A54) + COUNTIFS(TableData[Résultat], "VICTOIRE", TableData[J9], A54)) -> 0 | C54: =IF(A54=0, 0, COUNTIF(TableData[Xhelo], A54) + COUNTIF(TableData[J9], A54)) -> 0 | D54: =IF(C54>0, B54/C54, 0) -> 0 | E54: =IF(C54>0, INT(D54*10000000) + (B54*1000) + (100-ROW()), -1) -> -1 | F54: =IF(A54=0, 0, PARAMETRES!B46) -> 0 | L54: =C54-B54 -> 0 | N54: =IF(DATA!L46="", "", DATA!L46) -> Son Goku Super Sayen + Cooler | O54: =IF(N54="", "", IF(COUNTIF(N$10:N54, N54)=1, ROW(), "")) | P54: =IFERROR(SMALL(O$10:O$500, 45), "") | R54: =IF(P54="", 0, INDEX(N$10:N$500, P54-9)) -> 0 | S54: =IF(R54=0, 0, COUNTIFS(TableData[Résultat], "VICTOIRE", TableData[DUO], R54)) -> 0 | T54: =IF(R54=0, 0, COUNTIF(TableData[DUO], R54)) -> 0 | U54: =IF(T54>0, S54/T54, 0) -> 0 | V54: =IF(T54>0, INT(U54*10000000) + (S54*1000) + (10000-ROW()), -1) -> -1 | Y54: =T54-S54 -> 0 | AF54: =IF(A54=0, 0, COUNTIFS(TableData[Résultat], "VICTOIRE", TableData[Xhelo], A54)) -> 0 | AG54: =IF(A54=0, 0, COUNTIF(TableData[Xhelo], A54)) -> 0 | AH54: =IF(AG54>0, AF54/AG54, 0) -> 0 | AI54: =AG54-AF54 -> 0 | AJ54: =IF(AG54>0, INT(AH54*10000000) + (AF54*1000) + (100-ROW()), -1) -> -1 | AK54: =SUMIF(TableData[Xhelo], A54, TableData[X_K]) -> 0 | AL54: =SUMIF(TableData[Xhelo], A54, TableData[X_D]) -> 0 | AM54: =SUMIF(TableData[Xhelo], A54, TableData[X_A]) -> 0 | AN54: =IF(AG54>0, (AK54+AM54)/MAX(1, AL54), 0) -> 0 | AO54: =IF(AG54>0, AN54*10000 + (100-ROW()), -1) -> -1 | AQ54: =IF(A54=0, 0, COUNTIFS(TableData[Résultat], "VICTOIRE", TableData[J9], A54)) -> 0 | AR54: =IF(A54=0, 0, COUNTIF(TableData[J9], A54)) -> 0 | AS54: =IF(AR54>0, AQ54/AR54, 0) -> 0 | AT54: =AR54-AQ54 -> 0 | AU54: =IF(AR54>0, INT(AS54*10000000) + (AQ54*1000) + (100-ROW()), -1) -> -1 | AV54: =SUMIF(TableData[J9], A54, TableData[J_K]) -> 0 | AW54: =SUMIF(TableData[J9], A54, TableData[J_D]) -> 0 | AX54: =SUMIF(TableData[J9], A54, TableData[J_A]) -> 0 | AY54: =IF(AR54>0, (AV54+AX54)/MAX(1, AW54), 0) -> 0 | AZ54: =IF(AR54>0, AY54*10000 + (100-ROW()), -1) -> -1
A55: =IF(PARAMETRES!A47="", 0, PARAMETRES!A47) -> 0 | B55: =IF(A55=0, 0, COUNTIFS(TableData[Résultat], "VICTOIRE", TableData[Xhelo], A55) + COUNTIFS(TableData[Résultat], "VICTOIRE", TableData[J9], A55)) -> 0 | C55: =IF(A55=0, 0, COUNTIF(TableData[Xhelo], A55) + COUNTIF(TableData[J9], A55)) -> 0 | D55: =IF(C55>0, B55/C55, 0) -> 0 | E55: =IF(C55>0, INT(D55*10000000) + (B55*1000) + (100-ROW()), -1) -> -1 | F55: =IF(A55=0, 0, PARAMETRES!B47) -> 0 | L55: =C55-B55 -> 0 | N55: =IF(DATA!L47="", "", DATA!L47) -> Broly + Ultimate Gohan | O55: =IF(N55="", "", IF(COUNTIF(N$10:N55, N55)=1, ROW(), "")) | P55: =IFERROR(SMALL(O$10:O$500, 46), "") | R55: =IF(P55="", 0, INDEX(N$10:N$500, P55-9)) -> 0 | S55: =IF(R55=0, 0, COUNTIFS(TableData[Résultat], "VICTOIRE", TableData[DUO], R55)) -> 0 | T55: =IF(R55=0, 0, COUNTIF(TableData[DUO], R55)) -> 0 | U55: =IF(T55>0, S55/T55, 0) -> 0 | V55: =IF(T55>0, INT(U55*10000000) + (S55*1000) + (10000-ROW()), -1) -> -1 | Y55: =T55-S55 -> 0 | AF55: =IF(A55=0, 0, COUNTIFS(TableData[Résultat], "VICTOIRE", TableData[Xhelo], A55)) -> 0 | AG55: =IF(A55=0, 0, COUNTIF(TableData[Xhelo], A55)) -> 0 | AH55: =IF(AG55>0, AF55/AG55, 0) -> 0 | AI55: =AG55-AF55 -> 0 | AJ55: =IF(AG55>0, INT(AH55*10000000) + (AF55*1000) + (100-ROW()), -1) -> -1 | AK55: =SUMIF(TableData[Xhelo], A55, TableData[X_K]) -> 0 | AL55: =SUMIF(TableData[Xhelo], A55, TableData[X_D]) -> 0 | AM55: =SUMIF(TableData[Xhelo], A55, TableData[X_A]) -> 0 | AN55: =IF(AG55>0, (AK55+AM55)/MAX(1, AL55), 0) -> 0 | AO55: =IF(AG55>0, AN55*10000 + (100-ROW()), -1) -> -1 | AQ55: =IF(A55=0, 0, COUNTIFS(TableData[Résultat], "VICTOIRE", TableData[J9], A55)) -> 0 | AR55: =IF(A55=0, 0, COUNTIF(TableData[J9], A55)) -> 0 | AS55: =IF(AR55>0, AQ55/AR55, 0) -> 0 | AT55: =AR55-AQ55 -> 0 | AU55: =IF(AR55>0, INT(AS55*10000000) + (AQ55*1000) + (100-ROW()), -1) -> -1 | AV55: =SUMIF(TableData[J9], A55, TableData[J_K]) -> 0 | AW55: =SUMIF(TableData[J9], A55, TableData[J_D]) -> 0 | AX55: =SUMIF(TableData[J9], A55, TableData[J_A]) -> 0 | AY55: =IF(AR55>0, (AV55+AX55)/MAX(1, AW55), 0) -> 0 | AZ55: =IF(AR55>0, AY55*10000 + (100-ROW()), -1) -> -1
A56: =IF(PARAMETRES!A48="", 0, PARAMETRES!A48) -> 0 | B56: =IF(A56=0, 0, COUNTIFS(TableData[Résultat], "VICTOIRE", TableData[Xhelo], A56) + COUNTIFS(TableData[Résultat], "VICTOIRE", TableData[J9], A56)) -> 0 | C56: =IF(A56=0, 0, COUNTIF(TableData[Xhelo], A56) + COUNTIF(TableData[J9], A56)) -> 0 | D56: =IF(C56>0, B56/C56, 0) -> 0 | E56: =IF(C56>0, INT(D56*10000000) + (B56*1000) + (100-ROW()), -1) -> -1 | F56: =IF(A56=0, 0, PARAMETRES!B48) -> 0 | L56: =C56-B56 -> 0 | N56: =IF(DATA!L48="", "", DATA!L48) -> Broly + Trunks Jeune | O56: =IF(N56="", "", IF(COUNTIF(N$10:N56, N56)=1, ROW(), "")) | P56: =IFERROR(SMALL(O$10:O$500, 47), "") | R56: =IF(P56="", 0, INDEX(N$10:N$500, P56-9)) -> 0 | S56: =IF(R56=0, 0, COUNTIFS(TableData[Résultat], "VICTOIRE", TableData[DUO], R56)) -> 0 | T56: =IF(R56=0, 0, COUNTIF(TableData[DUO], R56)) -> 0 | U56: =IF(T56>0, S56/T56, 0) -> 0 | V56: =IF(T56>0, INT(U56*10000000) + (S56*1000) + (10000-ROW()), -1) -> -1 | Y56: =T56-S56 -> 0 | AF56: =IF(A56=0, 0, COUNTIFS(TableData[Résultat], "VICTOIRE", TableData[Xhelo], A56)) -> 0 | AG56: =IF(A56=0, 0, COUNTIF(TableData[Xhelo], A56)) -> 0 | AH56: =IF(AG56>0, AF56/AG56, 0) -> 0 | AI56: =AG56-AF56 -> 0 | AJ56: =IF(AG56>0, INT(AH56*10000000) + (AF56*1000) + (100-ROW()), -1) -> -1 | AK56: =SUMIF(TableData[Xhelo], A56, TableData[X_K]) -> 0 | AL56: =SUMIF(TableData[Xhelo], A56, TableData[X_D]) -> 0 | AM56: =SUMIF(TableData[Xhelo], A56, TableData[X_A]) -> 0 | AN56: =IF(AG56>0, (AK56+AM56)/MAX(1, AL56), 0) -> 0 | AO56: =IF(AG56>0, AN56*10000 + (100-ROW()), -1) -> -1 | AQ56: =IF(A56=0, 0, COUNTIFS(TableData[Résultat], "VICTOIRE", TableData[J9], A56)) -> 0 | AR56: =IF(A56=0, 0, COUNTIF(TableData[J9], A56)) -> 0 | AS56: =IF(AR56>0, AQ56/AR56, 0) -> 0 | AT56: =AR56-AQ56 -> 0 | AU56: =IF(AR56>0, INT(AS56*10000000) + (AQ56*1000) + (100-ROW()), -1) -> -1 | AV56: =SUMIF(TableData[J9], A56, TableData[J_K]) -> 0 | AW56: =SUMIF(TableData[J9], A56, TableData[J_D]) -> 0 | AX56: =SUMIF(TableData[J9], A56, TableData[J_A]) -> 0 | AY56: =IF(AR56>0, (AV56+AX56)/MAX(1, AW56), 0) -> 0 | AZ56: =IF(AR56>0, AY56*10000 + (100-ROW()), -1) -> -1
A57: =IF(PARAMETRES!A49="", 0, PARAMETRES!A49) -> 0 | B57: =IF(A57=0, 0, COUNTIFS(TableData[Résultat], "VICTOIRE", TableData[Xhelo], A57) + COUNTIFS(TableData[Résultat], "VICTOIRE", TableData[J9], A57)) -> 0 | C57: =IF(A57=0, 0, COUNTIF(TableData[Xhelo], A57) + COUNTIF(TableData[J9], A57)) -> 0 | D57: =IF(C57>0, B57/C57, 0) -> 0 | E57: =IF(C57>0, INT(D57*10000000) + (B57*1000) + (100-ROW()), -1) -> -1 | F57: =IF(A57=0, 0, PARAMETRES!B49) -> 0 | L57: =C57-B57 -> 0 | N57: =IF(DATA!L49="", "", DATA!L49) -> Cooler + Trunks Jeune | O57: =IF(N57="", "", IF(COUNTIF(N$10:N57, N57)=1, ROW(), "")) | P57: =IFERROR(SMALL(O$10:O$500, 48), "") | R57: =IF(P57="", 0, INDEX(N$10:N$500, P57-9)) -> 0 | S57: =IF(R57=0, 0, COUNTIFS(TableData[Résultat], "VICTOIRE", TableData[DUO], R57)) -> 0 | T57: =IF(R57=0, 0, COUNTIF(TableData[DUO], R57)) -> 0 | U57: =IF(T57>0, S57/T57, 0) -> 0 | V57: =IF(T57>0, INT(U57*10000000) + (S57*1000) + (10000-ROW()), -1) -> -1 | Y57: =T57-S57 -> 0 | AF57: =IF(A57=0, 0, COUNTIFS(TableData[Résultat], "VICTOIRE", TableData[Xhelo], A57)) -> 0 | AG57: =IF(A57=0, 0, COUNTIF(TableData[Xhelo], A57)) -> 0 | AH57: =IF(AG57>0, AF57/AG57, 0) -> 0 | AI57: =AG57-AF57 -> 0 | AJ57: =IF(AG57>0, INT(AH57*10000000) + (AF57*1000) + (100-ROW()), -1) -> -1 | AK57: =SUMIF(TableData[Xhelo], A57, TableData[X_K]) -> 0 | AL57: =SUMIF(TableData[Xhelo], A57, TableData[X_D]) -> 0 | AM57: =SUMIF(TableData[Xhelo], A57, TableData[X_A]) -> 0 | AN57: =IF(AG57>0, (AK57+AM57)/MAX(1, AL57), 0) -> 0 | AO57: =IF(AG57>0, AN57*10000 + (100-ROW()), -1) -> -1 | AQ57: =IF(A57=0, 0, COUNTIFS(TableData[Résultat], "VICTOIRE", TableData[J9], A57)) -> 0 | AR57: =IF(A57=0, 0, COUNTIF(TableData[J9], A57)) -> 0 | AS57: =IF(AR57>0, AQ57/AR57, 0) -> 0 | AT57: =AR57-AQ57 -> 0 | AU57: =IF(AR57>0, INT(AS57*10000000) + (AQ57*1000) + (100-ROW()), -1) -> -1 | AV57: =SUMIF(TableData[J9], A57, TableData[J_K]) -> 0 | AW57: =SUMIF(TableData[J9], A57, TableData[J_D]) -> 0 | AX57: =SUMIF(TableData[J9], A57, TableData[J_A]) -> 0 | AY57: =IF(AR57>0, (AV57+AX57)/MAX(1, AW57), 0) -> 0 | AZ57: =IF(AR57>0, AY57*10000 + (100-ROW()), -1) -> -1
A58: =IF(PARAMETRES!A50="", 0, PARAMETRES!A50) -> 0 | B58: =IF(A58=0, 0, COUNTIFS(TableData[Résultat], "VICTOIRE", TableData[Xhelo], A58) + COUNTIFS(TableData[Résultat], "VICTOIRE", TableData[J9], A58)) -> 0 | C58: =IF(A58=0, 0, COUNTIF(TableData[Xhelo], A58) + COUNTIF(TableData[J9], A58)) -> 0 | D58: =IF(C58>0, B58/C58, 0) -> 0 | E58: =IF(C58>0, INT(D58*10000000) + (B58*1000) + (100-ROW()), -1) -> -1 | F58: =IF(A58=0, 0, PARAMETRES!B50) -> 0 | L58: =C58-B58 -> 0 | N58: =IF(DATA!L50="", "", DATA!L50) -> Broly + Trunks Jeune | O58: =IF(N58="", "", IF(COUNTIF(N$10:N58, N58)=1, ROW(), "")) | P58: =IFERROR(SMALL(O$10:O$500, 49), "") | R58: =IF(P58="", 0, INDEX(N$10:N$500, P58-9)) -> 0 | S58: =IF(R58=0, 0, COUNTIFS(TableData[Résultat], "VICTOIRE", TableData[DUO], R58)) -> 0 | T58: =IF(R58=0, 0, COUNTIF(TableData[DUO], R58)) -> 0 | U58: =IF(T58>0, S58/T58, 0) -> 0 | V58: =IF(T58>0, INT(U58*10000000) + (S58*1000) + (10000-ROW()), -1) -> -1 | Y58: =T58-S58 -> 0 | AF58: =IF(A58=0, 0, COUNTIFS(TableData[Résultat], "VICTOIRE", TableData[Xhelo], A58)) -> 0 | AG58: =IF(A58=0, 0, COUNTIF(TableData[Xhelo], A58)) -> 0 | AH58: =IF(AG58>0, AF58/AG58, 0) -> 0 | AI58: =AG58-AF58 -> 0 | AJ58: =IF(AG58>0, INT(AH58*10000000) + (AF58*1000) + (100-ROW()), -1) -> -1 | AK58: =SUMIF(TableData[Xhelo], A58, TableData[X_K]) -> 0 | AL58: =SUMIF(TableData[Xhelo], A58, TableData[X_D]) -> 0 | AM58: =SUMIF(TableData[Xhelo], A58, TableData[X_A]) -> 0 | AN58: =IF(AG58>0, (AK58+AM58)/MAX(1, AL58), 0) -> 0 | AO58: =IF(AG58>0, AN58*10000 + (100-ROW()), -1) -> -1 | AQ58: =IF(A58=0, 0, COUNTIFS(TableData[Résultat], "VICTOIRE", TableData[J9], A58)) -> 0 | AR58: =IF(A58=0, 0, COUNTIF(TableData[J9], A58)) -> 0 | AS58: =IF(AR58>0, AQ58/AR58, 0) -> 0 | AT58: =AR58-AQ58 -> 0 | AU58: =IF(AR58>0, INT(AS58*10000000) + (AQ58*1000) + (100-ROW()), -1) -> -1 | AV58: =SUMIF(TableData[J9], A58, TableData[J_K]) -> 0 | AW58: =SUMIF(TableData[J9], A58, TableData[J_D]) -> 0 | AX58: =SUMIF(TableData[J9], A58, TableData[J_A]) -> 0 | AY58: =IF(AR58>0, (AV58+AX58)/MAX(1, AW58), 0) -> 0 | AZ58: =IF(AR58>0, AY58*10000 + (100-ROW()), -1) -> -1
A59: =IF(PARAMETRES!A51="", 0, PARAMETRES!A51) -> 0 | B59: =IF(A59=0, 0, COUNTIFS(TableData[Résultat], "VICTOIRE", TableData[Xhelo], A59) + COUNTIFS(TableData[Résultat], "VICTOIRE", TableData[J9], A59)) -> 0 | C59: =IF(A59=0, 0, COUNTIF(TableData[Xhelo], A59) + COUNTIF(TableData[J9], A59)) -> 0 | D59: =IF(C59>0, B59/C59, 0) -> 0 | E59: =IF(C59>0, INT(D59*10000000) + (B59*1000) + (100-ROW()), -1) -> -1 | F59: =IF(A59=0, 0, PARAMETRES!B51) -> 0 | L59: =C59-B59 -> 0 | N59: =IF(DATA!L51="", "", DATA!L51) -> Broly + Gotenks | O59: =IF(N59="", "", IF(COUNTIF(N$10:N59, N59)=1, ROW(), "")) | P59: =IFERROR(SMALL(O$10:O$500, 50), "") | R59: =IF(P59="", 0, INDEX(N$10:N$500, P59-9)) -> 0 | S59: =IF(R59=0, 0, COUNTIFS(TableData[Résultat], "VICTOIRE", TableData[DUO], R59)) -> 0 | T59: =IF(R59=0, 0, COUNTIF(TableData[DUO], R59)) -> 0 | U59: =IF(T59>0, S59/T59, 0) -> 0 | V59: =IF(T59>0, INT(U59*10000000) + (S59*1000) + (10000-ROW()), -1) -> -1 | Y59: =T59-S59 -> 0 | AF59: =IF(A59=0, 0, COUNTIFS(TableData[Résultat], "VICTOIRE", TableData[Xhelo], A59)) -> 0 | AG59: =IF(A59=0, 0, COUNTIF(TableData[Xhelo], A59)) -> 0 | AH59: =IF(AG59>0, AF59/AG59, 0) -> 0 | AI59: =AG59-AF59 -> 0 | AJ59: =IF(AG59>0, INT(AH59*10000000) + (AF59*1000) + (100-ROW()), -1) -> -1 | AK59: =SUMIF(TableData[Xhelo], A59, TableData[X_K]) -> 0 | AL59: =SUMIF(TableData[Xhelo], A59, TableData[X_D]) -> 0 | AM59: =SUMIF(TableData[Xhelo], A59, TableData[X_A]) -> 0 | AN59: =IF(AG59>0, (AK59+AM59)/MAX(1, AL59), 0) -> 0 | AO59: =IF(AG59>0, AN59*10000 + (100-ROW()), -1) -> -1 | AQ59: =IF(A59=0, 0, COUNTIFS(TableData[Résultat], "VICTOIRE", TableData[J9], A59)) -> 0 | AR59: =IF(A59=0, 0, COUNTIF(TableData[J9], A59)) -> 0 | AS59: =IF(AR59>0, AQ59/AR59, 0) -> 0 | AT59: =AR59-AQ59 -> 0 | AU59: =IF(AR59>0, INT(AS59*10000000) + (AQ59*1000) + (100-ROW()), -1) -> -1 | AV59: =SUMIF(TableData[J9], A59, TableData[J_K]) -> 0 | AW59: =SUMIF(TableData[J9], A59, TableData[J_D]) -> 0 | AX59: =SUMIF(TableData[J9], A59, TableData[J_A]) -> 0 | AY59: =IF(AR59>0, (AV59+AX59)/MAX(1, AW59), 0) -> 0 | AZ59: =IF(AR59>0, AY59*10000 + (100-ROW()), -1) -> -1

Sheet DASHBOARD
B2: STATISTIQUES MOBA | J2: NOUVEAU MATCH +
B3: Dashboard v28 // Ultimate Performance Analysis
B5: MATCHS | C5: VICTOIRES | D5: WINRATE
B6: =CALCULS!B2 -> 169 | C6: =CALCULS!B3 -> 104 | D6: =CALCULS!B4 -> 0.61538462
B60: STATISTIQUES DE COMBAT (PERFORMANCE KDA)
